0.234604,0
0.234604,0.01
0.238514,0.02
0.238514,0.03
0.238514,0.04
0.234604,0.05
0.234604,0.06
0.238514,0.07
0.234604,0.08
0.238514,0.09
0.238514,0.1
0.238514,0.11
0.238514,0.12
0.238514,0.13
0.234604,0.14
0.238514,0.15
0.238514,0.16
0.234604,0.17
0.238514,0.18
0.234604,0.19
0.238514,0.2
0.238514,0.21
0.234604,0.22
0.234604,0.23
0.238514,0.24
0.238514,0.25
0.238514,0.26
0.238514,0.27
0.238514,0.28
0.238514,0.29
0.238514,0.3
0.238514,0.31
0.238514,0.32
0.238514,0.33
0.234604,0.34
0.238514,0.35
0.234604,0.36
0.238514,0.37
0.238514,0.38
0.238514,0.39
0.238514,0.4
0.238514,0.41
0.234604,0.42
0.238514,0.43
0.238514,0.44
0.238514,0.45
0.238514,0.46
0.238514,0.47
0.234604,0.48
0.238514,0.49
0.238514,0.5
0.234604,0.51
0.238514,0.52
0.234604,0.53
0.238514,0.54
0.238514,0.55
0.234604,0.56
0.238514,0.57
0.238514,0.58
0.234604,0.59
0.234604,0.6
0.238514,0.61
0.238514,0.62
0.234604,0.63
0.238514,0.64
0.238514,0.65
0.238514,0.66
0.234604,0.67
0.238514,0.68
0.238514,0.69
0.234604,0.7
0.234604,0.71
0.238514,0.72
0.234604,0.73
0.238514,0.74
0.238514,0.75
0.238514,0.76
0.238514,0.77
0.238514,0.78
0.238514,0.79
0.238514,0.8
0.238514,0.81
0.238514,0.82
0.238514,0.83
0.234604,0.84
0.238514,0.85
0.238514,0.86
0.234604,0.87
0.238514,0.88
0.238514,0.89
0.238514,0.9
0.238514,0.91
0.238514,0.92
0.238514,0.93
0.238514,0.94
0.234604,0.95
0.238514,0.96
0.238514,0.97
0.234604,0.98
0.238514,0.99
0.234604,1
0.234604,1.01
0.238514,1.02
0.238514,1.03
0.234604,1.04
0.234604,1.05
0.234604,1.06
0.234604,1.07
0.238514,1.08
0.234604,1.09
0.234604,1.1
0.238514,1.11
0.234604,1.12
0.234604,1.13
0.234604,1.14
0.234604,1.15
0.238514,1.16
0.234604,1.17
0.234604,1.18
0.238514,1.19
0.234604,1.2
0.234604,1.21
0.238514,1.22
0.238514,1.23
0.238514,1.24
0.238514,1.25
0.234604,1.26
0.238514,1.27
0.234604,1.28
0.234604,1.29
0.234604,1.3
0.238514,1.31
0.234604,1.32
0.238514,1.33
0.234604,1.34
0.234604,1.35
0.234604,1.36
0.234604,1.37
0.234604,1.38
0.238514,1.39
0.234604,1.4
0.234604,1.41
0.238514,1.42
0.234604,1.43
0.234604,1.44
0.238514,1.45
0.234604,1.46
0.234604,1.47
0.234604,1.48
0.234604,1.49
0.234604,1.5
0.234604,1.51
0.238514,1.52
0.238514,1.53
0.234604,1.54
0.238514,1.55
0.238514,1.56
0.234604,1.57
0.238514,1.58
0.238514,1.59
0.238514,1.6
0.238514,1.61
0.238514,1.62
0.234604,1.63
0.238514,1.64
0.238514,1.65
0.238514,1.66
0.238514,1.67
0.238514,1.68
0.238514,1.69
0.242424,1.7
0.238514,1.71
0.238514,1.72
0.242424,1.73
0.238514,1.74
0.238514,1.75
0.242424,1.76
0.242424,1.77
0.242424,1.78
0.383187,1.79
0.836755,1.8
0.731183,1.81
0.508309,1.82
0.750733,1.83
0.844575,1.84
0.55523,1.85
0.617791,1.86
0.856305,1.87
0.742913,1.88
0.523949,1.89
0.766373,1.9
0.864125,1.91
0.55523,1.92
0.625611,1.93
0.871945,1.94
0.727273,1.95
0.535679,1.96
0.785924,1.97
0.844575,1.98
0.55132,1.99
0.649071,2
0.875855,2.01
0.727273,2.02
0.539589,2.03
0.782014,2.04
0.864125,2.05
0.55132,2.06
0.649071,2.07
0.879765,2.08
0.711632,2.09
0.543499,2.1
0.801564,2.11
0.844575,2.12
0.54741,2.13
0.664712,2.14
0.879765,2.15
0.703812,2.16
0.55132,2.17
0.801564,2.18
0.852395,2.19
0.539589,2.2
0.668622,2.21
0.887586,2.22
0.684262,2.23
0.55523,2.24
0.817204,2.25
0.836755,2.26
0.535679,2.27
0.688172,2.28
0.883675,2.29
0.676442,2.3
0.56305,2.31
0.821114,2.32
0.832845,2.33
0.535679,2.34
0.688172,2.35
0.883675,2.36
0.664712,2.37
0.56305,2.38
0.821114,2.39
0.821114,2.4
0.531769,2.41
0.703812,2.42
0.879765,2.43
0.652981,2.44
0.57478,2.45
0.832845,2.46
0.821114,2.47
0.527859,2.48
0.703812,2.49
0.887586,2.5
0.637341,2.51
0.57478,2.52
0.840665,2.53
0.813294,2.54
0.531769,2.55
0.727273,2.56
0.883675,2.57
0.633431,2.58
0.59042,2.59
0.848485,2.6
0.809384,2.61
0.527859,2.62
0.719453,2.63
0.883675,2.64
0.625611,2.65
0.58651,2.66
0.852395,2.67
0.797654,2.68
0.527859,2.69
0.742913,2.7
0.875855,2.71
0.609971,2.72
0.59824,2.73
0.860215,2.74
0.789834,2.75
0.527859,2.76
0.735093,2.77
0.883675,2.78
0.602151,2.79
0.59824,2.8
0.864125,2.81
0.782014,2.82
0.535679,2.83
0.750733,2.84
0.871945,2.85
0.59433,2.86
0.617791,2.87
0.864125,2.88
0.774194,2.89
0.531769,2.9
0.754643,2.91
0.887586,2.92
0.58651,2.93
0.617791,2.94
0.871945,2.95
0.762463,2.96
0.539589,2.97
0.774194,2.98
0.871945,2.99
0.57478,3
0.637341,3.01
0.879765,3.02
0.750733,3.03
0.539589,3.04
0.782014,3.05
0.875855,3.06
0.56696,3.07
0.641251,3.08
0.879765,3.09
0.731183,3.1
0.543499,3.11
0.785924,3.12
0.860215,3.13
0.55914,3.14
0.656891,3.15
0.875855,3.16
0.727273,3.17
0.54741,3.18
0.793744,3.19
0.856305,3.2
0.55523,3.21
0.664712,3.22
0.879765,3.23
0.715542,3.24
0.55132,3.25
0.805474,3.26
0.848485,3.27
0.55132,3.28
0.668622,3.29
0.887586,3.3
0.703812,3.31
0.55914,3.32
0.809384,3.33
0.856305,3.34
0.543499,3.35
0.668622,3.36
0.895406,3.37
0.695992,3.38
0.55914,3.39
0.821114,3.4
0.840665,3.41
0.543499,3.42
0.692082,3.43
0.887586,3.44
0.688172,3.45
0.56305,3.46
0.817204,3.47
0.840665,3.48
0.539589,3.49
0.680352,3.5
0.887586,3.51
0.676442,3.52
0.57478,3.53
0.828934,3.54
0.832845,3.55
0.539589,3.56
0.703812,3.57
0.879765,3.58
0.668622,3.59
0.57478,3.6
0.832845,3.61
0.825024,3.62
0.535679,3.63
0.707722,3.64
0.899316,3.65
0.652981,3.66
0.57869,3.67
0.844575,3.68
0.817204,3.69
0.535679,3.7
0.723363,3.71
0.891496,3.72
0.641251,3.73
0.59042,3.74
0.848485,3.75
0.813294,3.76
0.531769,3.77
0.715542,3.78
0.891496,3.79
0.633431,3.8
0.59042,3.81
0.856305,3.82
0.801564,3.83
0.531769,3.84
0.742913,3.85
0.887586,3.86
0.625611,3.87
0.602151,3.88
0.860215,3.89
0.801564,3.9
0.535679,3.91
0.739003,3.92
0.887586,3.93
0.613881,3.94
0.602151,3.95
0.868035,3.96
0.785924,3.97
0.535679,3.98
0.750733,3.99
0.875855,4
0.602151,4.01
0.617791,4.02
0.860215,4.03
0.778104,4.04
0.539589,4.05
0.754643,4.06
0.883675,4.07
0.59433,4.08
0.617791,4.09
0.871945,4.1
0.762463,4.11
0.539589,4.12
0.762463,4.13
0.871945,4.14
0.58651,4.15
0.629521,4.16
0.868035,4.17
0.766373,4.18
0.539589,4.19
0.762463,4.2
0.879765,4.21
0.5826,4.22
0.629521,4.23
0.887586,4.24
0.746823,4.25
0.543499,4.26
0.774194,4.27
0.860215,4.28
0.57087,4.29
0.652981,4.3
0.875855,4.31
0.746823,4.32
0.543499,4.33
0.778104,4.34
0.871945,4.35
0.56305,4.36
0.645161,4.37
0.887586,4.38
0.731183,4.39
0.55132,4.4
0.801564,4.41
0.860215,4.42
0.55914,4.43
0.668622,4.44
0.887586,4.45
0.723363,4.46
0.55523,4.47
0.805474,4.48
0.856305,4.49
0.55132,4.5
0.664712,4.51
0.891496,4.52
0.707722,4.53
0.55523,4.54
0.813294,4.55
0.844575,4.56
0.54741,4.57
0.684262,4.58
0.875855,4.59
0.695992,4.6
0.55914,4.61
0.809384,4.62
0.844575,4.63
0.543499,4.64
0.680352,4.65
0.891496,4.66
0.684262,4.67
0.56696,4.68
0.825024,4.69
0.825024,4.7
0.543499,4.71
0.699902,4.72
0.887586,4.73
0.676442,4.74
0.57087,4.75
0.825024,4.76
0.836755,4.77
0.539589,4.78
0.695992,4.79
0.891496,4.8
0.660802,4.81
0.57087,4.82
0.836755,4.83
0.821114,4.84
0.539589,4.85
0.711632,4.86
0.887586,4.87
0.652981,4.88
0.57869,4.89
0.840665,4.9
0.821114,4.91
0.531769,4.92
0.711632,4.93
0.895406,4.94
0.641251,4.95
0.5826,4.96
0.848485,4.97
0.809384,4.98
0.535679,4.99
0.727273,5
0.879765,5.01
0.629521,5.02
0.59433,5.03
0.852395,5.04
0.801564,5.05
0.531769,5.06
0.719453,5.07
0.883675,5.08
0.621701,5.09
0.59433,5.1
0.856305,5.11
0.797654,5.12
0.531769,5.13
0.746823,5.14
0.879765,5.15
0.609971,5.16
0.606061,5.17
0.860215,5.18
0.789834,5.19
0.531769,5.2
0.746823,5.21
0.887586,5.22
0.59824,5.23
0.606061,5.24
0.868035,5.25
0.774194,5.26
0.531769,5.27
0.758553,5.28
0.879765,5.29
0.59042,5.3
0.617791,5.31
0.871945,5.32
0.770283,5.33
0.535679,5.34
0.762463,5.35
0.883675,5.36
0.57869,5.37
0.613881,5.38
0.875855,5.39
0.758553,5.4
0.535679,5.41
0.782014,5.42
0.871945,5.43
0.57478,5.44
0.637341,5.45
0.875855,5.46
0.758553,5.47
0.539589,5.48
0.770283,5.49
0.871945,5.5
0.56696,5.51
0.637341,5.52
0.879765,5.53
0.739003,5.54
0.539589,5.55
0.789834,5.56
0.864125,5.57
0.56696,5.58
0.641251,5.59
0.879765,5.6
0.739003,5.61
0.539589,5.62
0.782014,5.63
0.868035,5.64
0.55914,5.65
0.637341,5.66
0.871945,5.67
0.719453,5.68
0.54741,5.69
0.801564,5.7
0.852395,5.71
0.55523,5.72
0.660802,5.73
0.883675,5.74
0.719453,5.75
0.54741,5.76
0.868035,5.77
0.856305,5.78
0.54741,5.79
0.656891,5.8
0.895406,5.81
0.703812,5.82
0.55132,5.83
0.805474,5.84
0.840665,5.85
0.55132,5.86
0.668622,5.87
0.879765,5.88
0.699902,5.89
0.55523,5.9
0.805474,5.91
0.852395,5.92
0.543499,5.93
0.676442,5.94
0.895406,5.95
0.684262,5.96
0.55914,5.97
0.821114,5.98
0.832845,5.99
0.539589,6
0.695992,6.01
0.887586,6.02
0.680352,6.03
0.56305,6.04
0.821114,6.05
0.832845,6.06
0.535679,6.07
0.692082,6.08
0.899316,6.09
0.668622,6.1
0.56696,6.11
0.828934,6.12
0.821114,6.13
0.535679,6.14
0.715542,6.15
0.883675,6.16
0.656891,6.17
0.57869,6.18
0.836755,6.19
0.805474,6.2
0.520039,6.21
0.688172,6.22
0.875855,6.23
0.637341,6.24
0.57478,6.25
0.817204,6.26
0.778104,6.27
0.512219,6.28
0.680352,6.29
0.817204,6.3
0.59433,6.31
0.539589,6.32
0.750733,6.33
0.711632,6.34
0.473118,6.35
0.59042,6.36
0.684262,6.37
0.488759,6.38
0.449658,6.39
0.57478,6.4
0.531769,6.41
0.394917,6.42
0.477028,6.43
0.531769,6.44
0.410557,6.45
0.391007,6.46
0.461388,6.47
0.426197,6.48
0.336266,6.49
0.359726,6.5
0.359726,6.51
0.301075,6.52
0.285435,6.53
0.293255,6.54
0.289345,6.55
0.281525,6.56
0.265885,6.57
0.261975,6.58
0.261975,6.59
0.261975,6.6
0.265885,6.61
0.261975,6.62
0.261975,6.63
0.261975,6.64
0.261975,6.65
0.261975,6.66
0.261975,6.67
0.261975,6.68
0.261975,6.69
0.265885,6.7
0.261975,6.71
0.261975,6.72
0.261975,6.73
0.261975,6.74
0.261975,6.75
0.261975,6.76
0.261975,6.77
0.261975,6.78
0.261975,6.79
0.261975,6.8
0.265885,6.81
0.261975,6.82
0.261975,6.83
0.269795,6.84
0.261975,6.85
0.261975,6.86
0.261975,6.87
0.261975,6.88
0.265885,6.89
0.261975,6.9
0.261975,6.91
0.265885,6.92
0.261975,6.93
0.261975,6.94
0.261975,6.95
0.261975,6.96
0.261975,6.97
0.269795,6.98
0.261975,6.99
0.261975,7
0.261975,7.01
0.261975,7.02
0.265885,7.03
0.261975,7.04
0.261975,7.05
0.261975,7.06
0.261975,7.07
0.261975,7.08
0.261975,7.09
0.261975,7.1
0.261975,7.11
0.269795,7.12
0.261975,7.13
0.261975,7.14
0.261975,7.15
0.261975,7.16
0.265885,7.17
0.261975,7.18
0.261975,7.19
0.261975,7.2
0.261975,7.21
0.261975,7.22
0.261975,7.23
0.261975,7.24
0.261975,7.25
0.261975,7.26
0.261975,7.27
0.261975,7.28
0.261975,7.29
0.261975,7.3
0.265885,7.31
0.261975,7.32
0.261975,7.33
0.261975,7.34
0.261975,7.35
0.261975,7.36
0.261975,7.37
0.261975,7.38
0.261975,7.39
0.261975,7.4
0.261975,7.41
0.261975,7.42
0.261975,7.43
0.261975,7.44
0.265885,7.45
0.261975,7.46
0.261975,7.47
0.261975,7.48
0.261975,7.49
0.261975,7.5
0.261975,7.51
0.261975,7.52
0.261975,7.53
0.261975,7.54
0.261975,7.55
0.261975,7.56
0.261975,7.57
0.261975,7.58
0.265885,7.59
0.261975,7.6
0.261975,7.61
0.261975,7.62
0.261975,7.63
0.261975,7.64
0.261975,7.65
0.261975,7.66
0.261975,7.67
0.261975,7.68
0.261975,7.69
0.261975,7.7
0.261975,7.71
0.261975,7.72
0.265885,7.73
0.261975,7.74
0.261975,7.75
0.261975,7.76
0.261975,7.77
0.261975,7.78
0.261975,7.79
0.261975,7.8
0.261975,7.81
0.261975,7.82
0.261975,7.83
0.261975,7.84
0.261975,7.85
0.261975,7.86
0.261975,7.87
0.258065,7.88
0.261975,7.89
0.261975,7.9
0.261975,7.91
0.261975,7.92
0.261975,7.93
0.261975,7.94
0.261975,7.95
0.261975,7.96
0.261975,7.97
0.265885,7.98
0.261975,7.99
0.261975,8
0.261975,8.01
0.261975,8.02
0.261975,8.03
0.261975,8.04
0.261975,8.05
0.261975,8.06
0.261975,8.07
0.261975,8.08
0.261975,8.09
0.261975,8.1
0.261975,8.11
0.261975,8.12
0.261975,8.13
0.261975,8.14
0.261975,8.15
0.261975,8.16
0.261975,8.17
0.261975,8.18
0.261975,8.19
0.265885,8.2
0.261975,8.21
0.261975,8.22
0.261975,8.23
0.261975,8.24
0.261975,8.25
0.261975,8.26
0.261975,8.27
0.261975,8.28
0.261975,8.29
0.261975,8.3
0.261975,8.31
0.261975,8.32
0.261975,8.33
0.265885,8.34
0.261975,8.35
0.261975,8.36
0.261975,8.37
0.261975,8.38
0.261975,8.39
0.261975,8.4
0.261975,8.41
0.258065,8.42
0.261975,8.43
0.261975,8.44
0.261975,8.45
0.261975,8.46
0.261975,8.47
0.261975,8.48
0.261975,8.49
0.261975,8.5
0.261975,8.51
0.261975,8.52
0.265885,8.53
0.261975,8.54
0.261975,8.55
0.258065,8.56
0.261975,8.57
0.261975,8.58
0.261975,8.59
0.261975,8.6
0.258065,8.61
0.258065,8.62
0.261975,8.63
0.258065,8.64
0.258065,8.65
0.261975,8.66
0.261975,8.67
0.261975,8.68
0.261975,8.69
0.261975,8.7
0.261975,8.71
0.258065,8.72
0.261975,8.73
0.261975,8.74
0.258065,8.75
0.261975,8.76
0.261975,8.77
0.261975,8.78
0.261975,8.79
0.261975,8.8
0.261975,8.81
0.261975,8.82
0.261975,8.83
0.261975,8.84
0.261975,8.85
0.261975,8.86
0.261975,8.87
0.261975,8.88
0.261975,8.89
0.261975,8.9
0.261975,8.91
0.261975,8.92
0.261975,8.93
0.261975,8.94
0.265885,8.95
0.261975,8.96
0.261975,8.97
0.261975,8.98
0.261975,8.99
0.261975,9
0.261975,9.01
0.261975,9.02
0.261975,9.03
0.261975,9.04
0.261975,9.05
0.261975,9.06
0.261975,9.07
0.261975,9.08
0.265885,9.09
0.261975,9.1
0.261975,9.11
0.261975,9.12
0.261975,9.13
0.261975,9.14
0.261975,9.15
0.261975,9.16
0.261975,9.17
0.261975,9.18
0.261975,9.19
0.261975,9.2
0.261975,9.21
0.261975,9.22
0.258065,9.23
0.261975,9.24
0.261975,9.25
0.261975,9.26
0.261975,9.27
0.261975,9.28
0.261975,9.29
0.261975,9.3
0.261975,9.31
0.261975,9.32
0.261975,9.33
0.261975,9.34
0.261975,9.35
0.261975,9.36
0.261975,9.37
0.261975,9.38
0.261975,9.39
0.261975,9.4
0.261975,9.41
0.261975,9.42
0.261975,9.43
0.261975,9.44
0.261975,9.45
0.261975,9.46
0.261975,9.47
0.261975,9.48
0.261975,9.49
0.261975,9.5
0.261975,9.51
0.261975,9.52
0.261975,9.53
0.261975,9.54
0.261975,9.55
0.265885,9.56
0.261975,9.57
0.261975,9.58
0.261975,9.59
0.261975,9.6
0.261975,9.61
0.261975,9.62
0.261975,9.63
0.261975,9.64
0.261975,9.65
0.359726,9.66
0.265885,9.67
0.261975,9.68
0.261975,9.69
0.269795,9.7
0.261975,9.71
0.261975,9.72
0.261975,9.73
0.261975,9.74
0.265885,9.75
0.261975,9.76
0.261975,9.77
0.261975,9.78
0.261975,9.79
0.265885,9.8
0.261975,9.81
0.261975,9.82
0.261975,9.83
0.261975,9.84
0.261975,9.85
0.265885,9.86
0.261975,9.87
0.261975,9.88
0.265885,9.89
0.261975,9.9
0.261975,9.91
0.261975,9.92
0.261975,9.93
0.265885,9.94
0.261975,9.95
0.261975,9.96
0.265885,9.97
0.261975,9.98
0.265885,9.99
0.265885,10
0.261975,10.01
0.265885,10.02
0.269795,10.03
0.265885,10.04
0.265885,10.05
0.265885,10.06
0.261975,10.07
0.265885,10.08
0.265885,10.09
0.265885,10.1
0.265885,10.11
0.265885,10.12
0.261975,10.13
0.265885,10.14
0.265885,10.15
0.261975,10.16
0.273705,10.17
0.265885,10.18
0.265885,10.19
0.265885,10.2
0.265885,10.21
0.269795,10.22
0.265885,10.23
0.265885,10.24
0.265885,10.25
0.265885,10.26
0.265885,10.27
0.265885,10.28
0.265885,10.29
0.265885,10.3
0.273705,10.31
0.265885,10.32
0.265885,10.33
0.265885,10.34
0.265885,10.35
0.265885,10.36
0.265885,10.37
0.265885,10.38
0.265885,10.39
0.265885,10.4
0.265885,10.41
0.265885,10.42
0.265885,10.43
0.265885,10.44
0.265885,10.45
0.265885,10.46
0.265885,10.47
0.265885,10.48
0.265885,10.49
0.269795,10.5
0.265885,10.51
0.265885,10.52
0.265885,10.53
0.265885,10.54
0.265885,10.55
0.265885,10.56
0.265885,10.57
0.265885,10.58
0.265885,10.59
0.265885,10.6
0.265885,10.61
0.265885,10.62
0.265885,10.63
0.269795,10.64
0.265885,10.65
0.265885,10.66
0.265885,10.67
0.265885,10.68
0.265885,10.69
0.265885,10.7
0.265885,10.71
0.265885,10.72
0.265885,10.73
0.265885,10.74
0.265885,10.75
0.265885,10.76
0.265885,10.77
0.269795,10.78
0.265885,10.79
0.265885,10.8
0.265885,10.81
0.265885,10.82
0.265885,10.83
0.265885,10.84
0.265885,10.85
0.265885,10.86
0.269795,10.87
0.265885,10.88
0.265885,10.89
0.265885,10.9
0.265885,10.91
0.269795,10.92
0.269795,10.93
0.265885,10.94
0.265885,10.95
0.265885,10.96
0.265885,10.97
0.265885,10.98
0.265885,10.99
0.265885,11
0.265885,11.01
0.265885,11.02
0.265885,11.03
0.265885,11.04
0.265885,11.05
0.269795,11.06
0.265885,11.07
0.265885,11.08
0.265885,11.09
0.265885,11.1
0.269795,11.11
0.265885,11.12
0.265885,11.13
0.265885,11.14
0.265885,11.15
0.265885,11.16
0.265885,11.17
0.265885,11.18
0.265885,11.19
0.269795,11.2
0.269795,11.21
0.265885,11.22
0.269795,11.23
0.265885,11.24
0.265885,11.25
0.265885,11.26
0.265885,11.27
0.265885,11.28
0.265885,11.29
0.265885,11.3
0.265885,11.31
0.265885,11.32
0.265885,11.33
0.269795,11.34
0.265885,11.35
0.265885,11.36
0.265885,11.37
0.265885,11.38
0.265885,11.39
0.269795,11.4
0.265885,11.41
0.265885,11.42
0.265885,11.43
0.265885,11.44
0.265885,11.45
0.265885,11.46
0.265885,11.47
0.269795,11.48
0.265885,11.49
0.265885,11.5
0.265885,11.51
0.265885,11.52
0.265885,11.53
0.265885,11.54
0.265885,11.55
0.265885,11.56
0.265885,11.57
0.265885,11.58
0.265885,11.59
0.265885,11.6
0.265885,11.61
0.273705,11.62
0.265885,11.63
0.265885,11.64
0.265885,11.65
0.265885,11.66
0.265885,11.67
0.265885,11.68
0.265885,11.69
0.265885,11.7
0.265885,11.71
0.265885,11.72
0.265885,11.73
0.265885,11.74
0.265885,11.75
0.273705,11.76
0.265885,11.77
0.265885,11.78
0.265885,11.79
0.265885,11.8
0.265885,11.81
0.265885,11.82
0.265885,11.83
0.265885,11.84
0.269795,11.85
0.265885,11.86
0.265885,11.87
0.265885,11.88
0.265885,11.89
0.277615,11.9
0.265885,11.91
0.265885,11.92
0.265885,11.93
0.265885,11.94
0.269795,11.95
0.265885,11.96
0.265885,11.97
0.265885,11.98
0.265885,11.99
0.265885,12
0.265885,12.01
0.265885,12.02
0.265885,12.03
0.265885,12.04
0.265885,12.05
0.265885,12.06
0.265885,12.07
0.265885,12.08
0.269795,12.09
0.265885,12.1
0.265885,12.11
0.265885,12.12
0.265885,12.13
0.265885,12.14
0.265885,12.15
0.265885,12.16
0.265885,12.17
0.265885,12.18
0.265885,12.19
0.265885,12.2
0.265885,12.21
0.265885,12.22
0.269795,12.23
0.265885,12.24
0.265885,12.25
0.265885,12.26
0.265885,12.27
0.269795,12.28
0.265885,12.29
0.265885,12.3
0.265885,12.31
0.265885,12.32
0.265885,12.33
0.265885,12.34
0.265885,12.35
0.265885,12.36
0.273705,12.37
0.265885,12.38
0.265885,12.39
0.265885,12.4
0.265885,12.41
0.269795,12.42
0.265885,12.43
0.265885,12.44
0.265885,12.45
0.265885,12.46
0.265885,12.47
0.265885,12.48
0.265885,12.49
0.265885,12.5
0.277615,12.51
0.265885,12.52
0.265885,12.53
0.265885,12.54
0.265885,12.55
0.269795,12.56
0.265885,12.57
0.265885,12.58
0.265885,12.59
0.265885,12.6
0.265885,12.61
0.265885,12.62
0.265885,12.63
0.265885,12.64
0.265885,12.65
0.265885,12.66
0.265885,12.67
0.265885,12.68
0.265885,12.69
0.269795,12.7
0.265885,12.71
0.265885,12.72
0.265885,12.73
0.265885,12.74
0.269795,12.75
0.265885,12.76
0.265885,12.77
0.265885,12.78
0.265885,12.79
0.265885,12.8
0.265885,12.81
0.265885,12.82
0.265885,12.83
0.273705,12.84
0.265885,12.85
0.265885,12.86
0.265885,12.87
0.265885,12.88
0.265885,12.89
0.265885,12.9
0.265885,12.91
0.265885,12.92
0.265885,12.93
0.265885,12.94
0.265885,12.95
0.265885,12.96
0.265885,12.97
0.273705,12.98
0.265885,12.99
0.265885,13
0.265885,13.01
0.265885,13.02
0.269795,13.03
0.265885,13.04
0.265885,13.05
0.265885,13.06
0.265885,13.07
0.265885,13.08
0.265885,13.09
0.265885,13.1
0.265885,13.11
0.277615,13.12
0.265885,13.13
0.269795,13.14
0.269795,13.15
0.265885,13.16
0.269795,13.17
0.265885,13.18
0.265885,13.19
0.265885,13.2
0.265885,13.21
0.273705,13.22
0.265885,13.23
0.265885,13.24
0.265885,13.25
0.269795,13.26
0.265885,13.27
0.265885,13.28
0.265885,13.29
0.265885,13.3
0.269795,13.31
0.265885,13.32
0.265885,13.33
0.265885,13.34
0.265885,13.35
0.265885,13.36
0.265885,13.37
0.265885,13.38
0.265885,13.39
0.265885,13.4
0.265885,13.41
0.265885,13.42
0.265885,13.43
0.265885,13.44
0.269795,13.45
0.265885,13.46
0.265885,13.47
0.265885,13.48
0.265885,13.49
0.265885,13.5
0.265885,13.51
0.265885,13.52
0.265885,13.53
0.265885,13.54
0.265885,13.55
0.265885,13.56
0.265885,13.57
0.265885,13.58
0.273705,13.59
0.265885,13.6
0.265885,13.61
0.265885,13.62
0.265885,13.63
0.265885,13.64
0.265885,13.65
0.265885,13.66
0.265885,13.67
0.265885,13.68
0.265885,13.69
0.265885,13.7
0.265885,13.71
0.265885,13.72
0.273705,13.73
0.265885,13.74
0.265885,13.75
0.269795,13.76
0.265885,13.77
0.269795,13.78
0.265885,13.79
0.265885,13.8
0.265885,13.81
0.265885,13.82
0.265885,13.83
0.265885,13.84
0.265885,13.85
0.265885,13.86
0.273705,13.87
0.265885,13.88
0.265885,13.89
0.265885,13.9
0.265885,13.91
0.269795,13.92
0.265885,13.93
0.265885,13.94
0.265885,13.95
0.265885,13.96
0.265885,13.97
0.265885,13.98
0.265885,13.99
0.265885,14
0.265885,14.01
0.265885,14.02
0.265885,14.03
0.265885,14.04
0.265885,14.05
0.269795,14.06
0.265885,14.07
0.265885,14.08
0.265885,14.09
0.265885,14.1
0.265885,14.11
0.265885,14.12
0.265885,14.13
0.265885,14.14
0.265885,14.15
0.265885,14.16
0.265885,14.17
0.265885,14.18
0.265885,14.19
0.269795,14.2
0.265885,14.21
0.265885,14.22
0.265885,14.23
0.265885,14.24
0.265885,14.25
0.265885,14.26
0.265885,14.27
0.265885,14.28
0.265885,14.29
0.265885,14.3
0.265885,14.31
0.269795,14.32
0.265885,14.33
0.273705,14.34
0.269795,14.35
0.265885,14.36
0.754643,14.37
0.273705,14.38
0.265885,14.39
0.539589,14.4
0.281525,14.41
0.265885,14.42
0.265885,14.43
0.289345,14.44
0.265885,14.45
0.269795,14.46
0.281525,14.47
0.273705,14.48
0.269795,14.49
0.293255,14.5
0.265885,14.51
0.269795,14.52
0.269795,14.53
0.269795,14.54
0.269795,14.55
0.265885,14.56
0.269795,14.57
0.269795,14.58
0.265885,14.59
0.269795,14.6
0.265885,14.61
0.265885,14.62
0.269795,14.63
0.269795,14.64
0.265885,14.65
0.269795,14.66
0.269795,14.67
0.265885,14.68
0.269795,14.69
0.265885,14.7
0.273705,14.71
0.269795,14.72
0.265885,14.73
0.277615,14.74
0.269795,14.75
0.265885,14.76
0.285435,14.77
0.265885,14.78
0.269795,14.79
0.289345,14.8
0.269795,14.81
0.269795,14.82
0.301075,14.83
0.265885,14.84
0.269795,14.85
0.269795,14.86
0.265885,14.87
0.269795,14.88
0.265885,14.89
0.269795,14.9
0.269795,14.91
0.265885,14.92
0.269795,14.93
0.269795,14.94
0.273705,14.95
0.269795,14.96
0.269795,14.97
0.265885,14.98
0.269795,14.99
0.269795,15
0.265885,15.01
0.269795,15.02
0.269795,15.03
0.273705,15.04
0.269795,15.05
0.269795,15.06
0.277615,15.07
0.269795,15.08
0.277615,15.09
0.285435,15.1
0.269795,15.11
0.269795,15.12
0.301075,15.13
0.269795,15.14
0.269795,15.15
0.320626,15.16
0.265885,15.17
0.269795,15.18
0.269795,15.19
0.265885,15.2
0.269795,15.21
0.269795,15.22
0.269795,15.23
0.269795,15.24
0.265885,15.25
0.269795,15.26
0.269795,15.27
0.269795,15.28
0.269795,15.29
0.269795,15.3
0.265885,15.31
0.269795,15.32
0.269795,15.33
0.269795,15.34
0.269795,15.35
0.269795,15.36
0.277615,15.37
0.265885,15.38
0.265885,15.39
0.281525,15.4
0.269795,15.41
0.273705,15.42
0.289345,15.43
0.265885,15.44
0.269795,15.45
0.301075,15.46
0.269795,15.47
0.269795,15.48
0.269795,15.49
0.269795,15.5
0.269795,15.51
0.265885,15.52
0.269795,15.53
0.269795,15.54
0.265885,15.55
0.277615,15.56
0.265885,15.57
0.265885,15.58
0.269795,15.59
0.269795,15.6
0.269795,15.61
0.269795,15.62
0.265885,15.63
0.269795,15.64
0.265885,15.65
0.269795,15.66
0.273705,15.67
0.265885,15.68
0.265885,15.69
0.285435,15.7
0.265885,15.71
0.269795,15.72
0.265885,15.73
0.265885,15.74
0.269795,15.75
0.265885,15.76
0.265885,15.77
0.265885,15.78
0.265885,15.79
0.265885,15.8
0.265885,15.81
0.265885,15.82
0.269795,15.83
0.269795,15.84
0.265885,15.85
0.265885,15.86
0.269795,15.87
0.265885,15.88
0.269795,15.89
0.269795,15.9
0.265885,15.91
0.265885,15.92
0.265885,15.93
0.269795,15.94
0.269795,15.95
0.265885,15.96
0.269795,15.97
0.265885,15.98
0.265885,15.99
0.269795,16
0.265885,16.01
0.265885,16.02
0.269795,16.03
0.265885,16.04
0.265885,16.05
0.269795,16.06
0.265885,16.07
0.265885,16.08
0.269795,16.09
0.265885,16.1
0.265885,16.11
0.269795,16.12
0.265885,16.13
0.265885,16.14
0.265885,16.15
0.265885,16.16
0.277615,16.17
0.265885,16.18
0.269795,16.19
0.269795,16.2
0.265885,16.21
0.269795,16.22
0.265885,16.23
0.265885,16.24
0.265885,16.25
0.269795,16.26
0.269795,16.27
0.265885,16.28
0.269795,16.29
0.265885,16.3
0.277615,16.31
0.265885,16.32
0.265885,16.33
0.269795,16.34
0.265885,16.35
0.269795,16.36
0.269795,16.37
0.265885,16.38
0.265885,16.39
0.269795,16.4
0.265885,16.41
0.269795,16.42
0.269795,16.43
0.265885,16.44
0.277615,16.45
0.269795,16.46
0.265885,16.47
0.269795,16.48
0.269795,16.49
0.269795,16.5
0.265885,16.51
0.265885,16.52
0.265885,16.53
0.269795,16.54
0.265885,16.55
0.265885,16.56
0.269795,16.57
0.265885,16.58
0.269795,16.59
0.265885,16.6
0.265885,16.61
0.265885,16.62
0.265885,16.63
0.269795,16.64
0.269795,16.65
0.265885,16.66
0.269795,16.67
0.265885,16.68
0.269795,16.69
0.265885,16.7
0.269795,16.71
0.265885,16.72
0.265885,16.73
0.265885,16.74
0.265885,16.75
0.269795,16.76
0.265885,16.77
0.273705,16.78
0.265885,16.79
0.265885,16.8
0.265885,16.81
0.265885,16.82
0.265885,16.83
0.265885,16.84
0.265885,16.85
0.265885,16.86
0.269795,16.87
0.265885,16.88
0.265885,16.89
0.265885,16.9
0.265885,16.91
0.277615,16.92
0.265885,16.93
0.265885,16.94
0.265885,16.95
0.269795,16.96
0.269795,16.97
0.269795,16.98
0.265885,16.99
0.265885,17
0.269795,17.01
0.269795,17.02
0.265885,17.03
0.265885,17.04
0.265885,17.05
0.277615,17.06
0.269795,17.07
0.265885,17.08
0.265885,17.09
0.265885,17.1
0.269795,17.11
0.265885,17.12
0.269795,17.13
0.265885,17.14
0.269795,17.15
0.265885,17.16
0.265885,17.17
0.265885,17.18
0.265885,17.19
0.265885,17.2
0.265885,17.21
0.269795,17.22
0.265885,17.23
0.265885,17.24
0.269795,17.25
0.265885,17.26
0.269795,17.27
0.265885,17.28
0.265885,17.29
0.265885,17.3
0.265885,17.31
0.265885,17.32
0.265885,17.33
0.265885,17.34
0.265885,17.35
0.265885,17.36
0.265885,17.37
0.269795,17.38
0.273705,17.39
0.265885,17.4
0.265885,17.41
0.265885,17.42
0.265885,17.43
0.269795,17.44
0.265885,17.45
0.265885,17.46
0.265885,17.47
0.265885,17.48
0.265885,17.49
0.265885,17.5
0.265885,17.51
0.265885,17.52
0.273705,17.53
0.265885,17.54
0.265885,17.55
0.265885,17.56
0.265885,17.57
0.269795,17.58
0.265885,17.59
0.265885,17.6
0.265885,17.61
0.265885,17.62
0.265885,17.63
0.265885,17.64
0.265885,17.65
0.265885,17.66
0.273705,17.67
0.265885,17.68
0.265885,17.69
0.265885,17.7
0.265885,17.71
0.269795,17.72
0.265885,17.73
0.265885,17.74
0.265885,17.75
0.265885,17.76
0.265885,17.77
0.265885,17.78
0.265885,17.79
0.265885,17.8
0.265885,17.81
0.265885,17.82
0.265885,17.83
0.265885,17.84
0.265885,17.85
0.269795,17.86
0.265885,17.87
0.265885,17.88
0.265885,17.89
0.265885,17.9
0.277615,17.91
0.265885,17.92
0.265885,17.93
0.265885,17.94
0.265885,17.95
0.265885,17.96
0.265885,17.97
0.265885,17.98
0.265885,17.99
0.269795,18
0.265885,18.01
0.265885,18.02
0.265885,18.03
0.265885,18.04
0.265885,18.05
0.265885,18.06
0.265885,18.07
0.265885,18.08
0.265885,18.09
0.265885,18.1
0.265885,18.11
0.265885,18.12
0.265885,18.13
0.273705,18.14
0.265885,18.15
0.265885,18.16
0.265885,18.17
0.265885,18.18
0.265885,18.19
0.265885,18.2
0.265885,18.21
0.265885,18.22
0.265885,18.23
0.265885,18.24
0.265885,18.25
0.265885,18.26
0.265885,18.27
0.273705,18.28
0.265885,18.29
0.265885,18.3
0.265885,18.31
0.265885,18.32
0.269795,18.33
0.265885,18.34
0.265885,18.35
0.265885,18.36
0.265885,18.37
0.265885,18.38
0.265885,18.39
0.265885,18.4
0.265885,18.41
0.269795,18.42
0.265885,18.43
0.265885,18.44
0.265885,18.45
0.265885,18.46
0.269795,18.47
0.265885,18.48
0.265885,18.49
0.265885,18.5
0.265885,18.51
0.265885,18.52
0.265885,18.53
0.265885,18.54
0.265885,18.55
0.265885,18.56
0.265885,18.57
0.265885,18.58
0.265885,18.59
0.261975,18.6
0.269795,18.61
0.265885,18.62
0.265885,18.63
0.265885,18.64
0.261975,18.65
0.265885,18.66
0.265885,18.67
0.265885,18.68
0.261975,18.69
0.265885,18.7
0.265885,18.71
0.265885,18.72
0.265885,18.73
0.265885,18.74
0.269795,18.75
0.265885,18.76
0.265885,18.77
0.265885,18.78
0.265885,18.79
0.265885,18.8
0.265885,18.81
0.265885,18.82
0.265885,18.83
0.265885,18.84
0.265885,18.85
0.265885,18.86
0.265885,18.87
0.265885,18.88
0.273705,18.89
0.265885,18.9
0.265885,18.91
0.265885,18.92
0.265885,18.93
0.265885,18.94
0.265885,18.95
0.265885,18.96
0.261975,18.97
0.265885,18.98
0.265885,18.99
0.265885,19
0.265885,19.01
0.265885,19.02
0.273705,19.03
0.261975,19.04
0.261975,19.05
0.265885,19.06
0.265885,19.07
0.269795,19.08
0.265885,19.09
0.265885,19.1
0.265885,19.11
0.265885,19.12
0.265885,19.13
0.265885,19.14
0.265885,19.15
0.265885,19.16
0.265885,19.17
0.265885,19.18
0.265885,19.19
0.265885,19.2
0.265885,19.21
0.269795,19.22
0.265885,19.23
0.265885,19.24
0.265885,19.25
0.265885,19.26
0.265885,19.27
0.265885,19.28
0.265885,19.29
0.265885,19.3
0.265885,19.31
0.265885,19.32
0.261975,19.33
0.265885,19.34
0.265885,19.35
0.269795,19.36
0.265885,19.37
0.265885,19.38
0.265885,19.39
0.265885,19.4
0.265885,19.41
0.265885,19.42
0.265885,19.43
0.265885,19.44
0.265885,19.45
0.265885,19.46
0.265885,19.47
0.265885,19.48
0.265885,19.49
0.273705,19.5
0.265885,19.51
0.261975,19.52
0.265885,19.53
0.265885,19.54
0.265885,19.55
0.265885,19.56
0.265885,19.57
0.261975,19.58
0.265885,19.59
0.265885,19.6
0.261975,19.61
0.265885,19.62
0.265885,19.63
0.269795,19.64
0.261975,19.65
0.261975,19.66
0.261975,19.67
0.261975,19.68
0.261975,19.69
0.261975,19.7
0.261975,19.71
0.261975,19.72
0.261975,19.73
0.265885,19.74
0.261975,19.75
0.261975,19.76
0.261975,19.77
0.261975,19.78
0.261975,19.79
0.261975,19.8
0.261975,19.81
0.261975,19.82
0.265885,19.83
0.261975,19.84
0.261975,19.85
0.261975,19.86
0.261975,19.87
0.261975,19.88
0.261975,19.89
0.261975,19.9
0.261975,19.91
0.261975,19.92
0.261975,19.93
0.261975,19.94
0.261975,19.95
0.261975,19.96
0.265885,19.97
0.261975,19.98
0.261975,19.99
0.261975,20
0.261975,20.01
0.261975,20.02
0.261975,20.03
0.261975,20.04
0.261975,20.05
0.261975,20.06
0.261975,20.07
0.261975,20.08
0.261975,20.09
0.261975,20.1
0.269795,20.11
0.261975,20.12
0.261975,20.13
0.261975,20.14
0.261975,20.15
0.265885,20.16
0.261975,20.17
0.261975,20.18
0.261975,20.19
0.261975,20.2
0.261975,20.21
0.261975,20.22
0.261975,20.23
0.261975,20.24
0.269795,20.25
0.261975,20.26
0.261975,20.27
0.261975,20.28
0.261975,20.29
0.261975,20.3
0.261975,20.31
0.261975,20.32
0.261975,20.33
0.261975,20.34
0.261975,20.35
0.261975,20.36
0.261975,20.37
0.261975,20.38
0.261975,20.39
0.261975,20.4
0.261975,20.41
0.261975,20.42
0.261975,20.43
0.265885,20.44
0.261975,20.45
0.261975,20.46
0.261975,20.47
0.261975,20.48
0.265885,20.49
0.261975,20.5
0.261975,20.51
0.265885,20.52
0.261975,20.53
0.261975,20.54
0.265885,20.55
0.261975,20.56
0.265885,20.57
0.269795,20.58
0.261975,20.59
0.265885,20.6
0.261975,20.61
0.261975,20.62
0.265885,20.63
0.261975,20.64
0.261975,20.65
0.265885,20.66
0.265885,20.67
0.265885,20.68
0.265885,20.69
0.261975,20.7
0.265885,20.71
0.269795,20.72
0.261975,20.73
0.261975,20.74
0.261975,20.75
0.261975,20.76
0.265885,20.77
0.265885,20.78
0.265885,20.79
0.265885,20.8
0.261975,20.81
0.261975,20.82
0.265885,20.83
0.265885,20.84
0.261975,20.85
0.269795,20.86
0.265885,20.87
0.265885,20.88
0.265885,20.89
0.261975,20.9
0.265885,20.91
0.265885,20.92
0.265885,20.93
0.265885,20.94
0.265885,20.95
0.265885,20.96
0.265885,20.97
0.261975,20.98
0.265885,20.99
0.265885,21
0.261975,21.01
0.265885,21.02
0.265885,21.03
0.265885,21.04
0.265885,21.05
0.265885,21.06
0.265885,21.07
0.265885,21.08
0.265885,21.09
0.265885,21.1
0.265885,21.11
0.265885,21.12
0.265885,21.13
0.265885,21.14
0.265885,21.15
0.265885,21.16
0.265885,21.17
0.265885,21.18
0.265885,21.19
0.265885,21.2
0.265885,21.21
0.265885,21.22
0.265885,21.23
0.265885,21.24
0.265885,21.25
0.265885,21.26
0.265885,21.27
0.265885,21.28
0.265885,21.29
0.265885,21.3
0.261975,21.31
0.261975,21.32
0.265885,21.33
0.265885,21.34
0.265885,21.35
0.265885,21.36
0.265885,21.37
0.265885,21.38
0.265885,21.39
0.265885,21.4
0.265885,21.41
0.265885,21.42
0.265885,21.43
0.265885,21.44
0.265885,21.45
0.265885,21.46
0.269795,21.47
0.265885,21.48
0.265885,21.49
0.265885,21.5
0.265885,21.51
0.265885,21.52
0.265885,21.53
0.261975,21.54
0.265885,21.55
0.265885,21.56
0.265885,21.57
0.265885,21.58
0.265885,21.59
0.261975,21.6
0.265885,21.61
0.265885,21.62
0.261975,21.63
0.265885,21.64
0.265885,21.65
0.265885,21.66
0.265885,21.67
0.265885,21.68
0.265885,21.69
0.265885,21.7
0.265885,21.71
0.265885,21.72
0.265885,21.73
0.265885,21.74
0.265885,21.75
0.265885,21.76
0.265885,21.77
0.265885,21.78
0.265885,21.79
0.265885,21.8
0.265885,21.81
0.265885,21.82
0.265885,21.83
0.265885,21.84
0.265885,21.85
0.265885,21.86
0.265885,21.87
0.265885,21.88
0.265885,21.89
0.265885,21.9
0.265885,21.91
0.265885,21.92
0.265885,21.93
0.265885,21.94
0.265885,21.95
0.265885,21.96
0.265885,21.97
0.265885,21.98
0.265885,21.99
0.265885,22
0.265885,22.01
0.265885,22.02
0.265885,22.03
0.265885,22.04
0.265885,22.05
0.265885,22.06
0.265885,22.07
0.265885,22.08
0.265885,22.09
0.265885,22.1
0.265885,22.11
0.265885,22.12
0.265885,22.13
0.265885,22.14
0.265885,22.15
0.261975,22.16
0.265885,22.17
0.265885,22.18
0.265885,22.19
0.265885,22.2
0.265885,22.21
0.265885,22.22
0.265885,22.23
0.265885,22.24
0.265885,22.25
0.265885,22.26
0.265885,22.27
0.265885,22.28
0.265885,22.29
0.265885,22.3
0.265885,22.31
0.265885,22.32
0.265885,22.33
0.265885,22.34
0.265885,22.35
0.261975,22.36
0.265885,22.37
0.261975,22.38
0.265885,22.39
0.265885,22.4
0.265885,22.41
0.261975,22.42
0.265885,22.43
0.261975,22.44
0.265885,22.45
0.265885,22.46
0.261975,22.47
0.265885,22.48
0.265885,22.49
0.261975,22.5
0.265885,22.51
0.265885,22.52
0.261975,22.53
0.265885,22.54
0.265885,22.55
0.265885,22.56
0.265885,22.57
0.261975,22.58
0.261975,22.59
0.265885,22.6
0.265885,22.61
0.261975,22.62
0.265885,22.63
0.261975,22.64
0.265885,22.65
0.265885,22.66
0.261975,22.67
0.265885,22.68
0.265885,22.69
0.265885,22.7
0.265885,22.71
0.265885,22.72
0.265885,22.73
0.265885,22.74
0.261975,22.75
0.265885,22.76
0.265885,22.77
0.261975,22.78
0.265885,22.79
0.265885,22.8
0.265885,22.81
0.265885,22.82
0.265885,22.83
0.261975,22.84
0.265885,22.85
0.265885,22.86
0.265885,22.87
0.265885,22.88
0.265885,22.89
0.265885,22.9
0.261975,22.91
0.261975,22.92
0.265885,22.93
0.265885,22.94
0.265885,22.95
0.261975,22.96
0.265885,22.97
0.265885,22.98
0.265885,22.99
0.265885,23
0.265885,23.01
0.265885,23.02
0.261975,23.03
0.261975,23.04
0.265885,23.05
0.265885,23.06
0.265885,23.07
0.265885,23.08
0.265885,23.09
0.261975,23.1
0.261975,23.11
0.265885,23.12
0.265885,23.13
0.261975,23.14
0.265885,23.15
0.265885,23.16
0.261975,23.17
0.265885,23.18
0.265885,23.19
0.265885,23.2
0.265885,23.21
0.265885,23.22
0.261975,23.23
0.265885,23.24
0.261975,23.25
0.265885,23.26
0.265885,23.27
0.261975,23.28
0.265885,23.29
0.265885,23.3
0.261975,23.31
0.265885,23.32
0.265885,23.33
0.261975,23.34
0.265885,23.35
0.265885,23.36
0.261975,23.37
0.265885,23.38
0.265885,23.39
0.265885,23.4
0.265885,23.41
0.265885,23.42
0.265885,23.43
0.265885,23.44
0.265885,23.45
0.265885,23.46
0.265885,23.47
0.265885,23.48
0.265885,23.49
0.265885,23.5
0.265885,23.51
0.265885,23.52
0.265885,23.53
0.265885,23.54
0.265885,23.55
0.265885,23.56
0.265885,23.57
0.265885,23.58
0.265885,23.59
0.265885,23.6
0.265885,23.61
0.261975,23.62
0.265885,23.63
0.265885,23.64
0.265885,23.65
0.265885,23.66
0.265885,23.67
0.265885,23.68
0.265885,23.69
0.265885,23.7
0.265885,23.71
0.265885,23.72
0.265885,23.73
0.265885,23.74
0.265885,23.75
0.265885,23.76
0.265885,23.77
0.265885,23.78
0.265885,23.79
0.265885,23.8
0.265885,23.81
0.265885,23.82
0.265885,23.83
0.265885,23.84
0.265885,23.85
0.265885,23.86
0.265885,23.87
0.265885,23.88
0.265885,23.89
0.265885,23.9
0.265885,23.91
0.265885,23.92
0.265885,23.93
0.265885,23.94
0.265885,23.95
0.265885,23.96
0.265885,23.97
0.265885,23.98
0.265885,23.99
0.265885,24
0.265885,24.01
0.265885,24.02
0.265885,24.03
0.265885,24.04
0.265885,24.05
0.265885,24.06
0.265885,24.07
0.265885,24.08
0.265885,24.09
0.261975,24.1
0.265885,24.11
0.265885,24.12
0.265885,24.13
0.265885,24.14
0.265885,24.15
0.265885,24.16
0.265885,24.17
0.265885,24.18
0.265885,24.19
0.269795,24.2
0.265885,24.21
0.265885,24.22
0.265885,24.23
0.265885,24.24
0.269795,24.25
0.265885,24.26
0.269795,24.27
0.269795,24.28
0.265885,24.29
0.265885,24.3
0.265885,24.31
0.265885,24.32
0.269795,24.33
0.265885,24.34
0.265885,24.35
0.269795,24.36
0.265885,24.37
0.265885,24.38
0.265885,24.39
0.265885,24.4
0.265885,24.41
0.269795,24.42
0.265885,24.43
0.265885,24.44
0.269795,24.45
0.265885,24.46
0.265885,24.47
0.265885,24.48
0.265885,24.49
0.269795,24.5
0.265885,24.51
0.265885,24.52
0.269795,24.53
0.265885,24.54
0.265885,24.55
0.265885,24.56
0.265885,24.57
0.269795,24.58
0.265885,24.59
0.265885,24.6
0.269795,24.61
0.269795,24.62
0.265885,24.63
0.269795,24.64
0.269795,24.65
0.265885,24.66
0.269795,24.67
0.265885,24.68
0.265885,24.69
0.269795,24.7
0.265885,24.71
0.265885,24.72
0.269795,24.73
0.269795,24.74
0.269795,24.75
0.269795,24.76
0.265885,24.77
0.269795,24.78
0.269795,24.79
0.265885,24.8
0.269795,24.81
0.265885,24.82
0.265885,24.83
0.269795,24.84
0.265885,24.85
0.265885,24.86
0.265885,24.87
0.265885,24.88
0.265885,24.89
0.265885,24.9
0.265885,24.91
0.265885,24.92
0.265885,24.93
0.265885,24.94
0.269795,24.95
0.265885,24.96
0.269795,24.97
0.269795,24.98
0.265885,24.99
0.265885,25
0.265885,25.01
0.265885,25.02
0.265885,25.03
0.265885,25.04
0.265885,25.05
0.265885,25.06
0.265885,25.07
0.265885,25.08
0.265885,25.09
0.265885,25.1
0.265885,25.11
0.265885,25.12
0.265885,25.13
0.265885,25.14
0.265885,25.15
0.265885,25.16
0.265885,25.17
0.265885,25.18
0.265885,25.19
0.265885,25.2
0.265885,25.21
0.265885,25.22
0.265885,25.23
0.265885,25.24
0.265885,25.25
0.265885,25.26
0.265885,25.27
0.265885,25.28
0.265885,25.29
0.265885,25.3
0.265885,25.31
0.265885,25.32
0.261975,25.33
0.265885,25.34
0.265885,25.35
0.261975,25.36
0.265885,25.37
0.265885,25.38
0.261975,25.39
0.265885,25.4
0.261975,25.41
0.261975,25.42
0.258065,25.43
0.254154,25.44
0.254154,25.45
0.258065,25.46
0.254154,25.47
0.254154,25.48
0.254154,25.49
0.254154,25.5
0.254154,25.51
0.254154,25.52
0.254154,25.53
0.254154,25.54
0.254154,25.55
0.254154,25.56
0.254154,25.57
0.254154,25.58
0.254154,25.59
0.254154,25.6
0.254154,25.61
0.254154,25.62
0.254154,25.63
0.254154,25.64
0.254154,25.65
0.254154,25.66
0.254154,25.67
0.254154,25.68
0.254154,25.69
0.254154,25.7
0.254154,25.71
0.261975,25.72
0.261975,25.73
0.261975,25.74
0.261975,25.75
0.261975,25.76
0.261975,25.77
0.261975,25.78
0.261975,25.79
0.261975,25.8
0.261975,25.81
0.261975,25.82
0.258065,25.83
0.258065,25.84
0.261975,25.85
0.261975,25.86
0.261975,25.87
0.261975,25.88
0.258065,25.89
0.261975,25.9
0.261975,25.91
0.258065,25.92
0.261975,25.93
0.261975,25.94
0.258065,25.95
0.261975,25.96
0.261975,25.97
0.258065,25.98
0.261975,25.99
0.261975,26
0.261975,26.01
0.261975,26.02
0.258065,26.03
0.261975,26.04
0.258065,26.05
0.258065,26.06
0.261975,26.07
0.261975,26.08
0.258065,26.09
0.258065,26.1
0.258065,26.11
0.258065,26.12
0.261975,26.13
0.258065,26.14
0.258065,26.15
0.261975,26.16
0.258065,26.17
0.261975,26.18
0.261975,26.19
0.261975,26.2
0.261975,26.21
0.261975,26.22
0.261975,26.23
0.261975,26.24
0.261975,26.25
0.258065,26.26
0.261975,26.27
0.258065,26.28
0.261975,26.29
0.261975,26.3
0.258065,26.31
0.261975,26.32
0.261975,26.33
0.258065,26.34
0.261975,26.35
0.261975,26.36
0.261975,26.37
0.261975,26.38
0.261975,26.39
0.261975,26.4
0.261975,26.41
0.261975,26.42
0.261975,26.43
0.261975,26.44
0.261975,26.45
0.261975,26.46
0.261975,26.47
0.261975,26.48
0.261975,26.49
0.261975,26.5
0.261975,26.51
0.261975,26.52
0.261975,26.53
0.261975,26.54
0.261975,26.55
0.261975,26.56
0.261975,26.57
0.261975,26.58
0.261975,26.59
0.261975,26.6
0.261975,26.61
0.261975,26.62
0.261975,26.63
0.261975,26.64
0.261975,26.65
0.261975,26.66
0.261975,26.67
0.261975,26.68
0.261975,26.69
0.261975,26.7
0.261975,26.71
0.261975,26.72
0.261975,26.73
0.265885,26.74
0.265885,26.75
0.265885,26.76
0.265885,26.77
0.261975,26.78
0.261975,26.79
0.265885,26.8
0.265885,26.81
0.265885,26.82
0.265885,26.83
0.261975,26.84
0.265885,26.85
0.265885,26.86
0.265885,26.87
0.265885,26.88
0.265885,26.89
0.265885,26.9
0.265885,26.91
0.265885,26.92
0.265885,26.93
0.265885,26.94
0.265885,26.95
0.265885,26.96
0.265885,26.97
0.265885,26.98
0.265885,26.99
0.265885,27
0.265885,27.01
0.265885,27.02
0.265885,27.03
0.265885,27.04
0.265885,27.05
0.265885,27.06
0.265885,27.07
0.265885,27.08
0.265885,27.09
0.265885,27.1
0.269795,27.11
0.269795,27.12
0.269795,27.13
0.265885,27.14
0.265885,27.15
0.265885,27.16
0.269795,27.17
0.265885,27.18
0.269795,27.19
0.265885,27.2
0.265885,27.21
0.269795,27.22
0.269795,27.23
0.269795,27.24
0.269795,27.25
0.265885,27.26
0.269795,27.27
0.269795,27.28
0.269795,27.29
0.269795,27.3
0.269795,27.31
0.269795,27.32
0.269795,27.33
0.269795,27.34
0.269795,27.35
0.269795,27.36
0.269795,27.37
0.269795,27.38
0.269795,27.39
0.269795,27.4
0.269795,27.41
0.269795,27.42
0.265885,27.43
0.269795,27.44
0.265885,27.45
0.269795,27.46
0.269795,27.47
0.269795,27.48
0.265885,27.49
0.269795,27.5
0.269795,27.51
0.269795,27.52
0.269795,27.53
0.265885,27.54
0.269795,27.55
0.269795,27.56
0.269795,27.57
0.265885,27.58
0.269795,27.59
0.269795,27.6
0.265885,27.61
0.265885,27.62
0.265885,27.63
0.265885,27.64
0.265885,27.65
0.265885,27.66
0.265885,27.67
0.269795,27.68
0.265885,27.69
0.265885,27.7
0.265885,27.71
0.265885,27.72
0.265885,27.73
0.265885,27.74
0.265885,27.75
0.265885,27.76
0.265885,27.77
0.265885,27.78
0.265885,27.79
0.265885,27.8
0.265885,27.81
0.265885,27.82
0.265885,27.83
0.265885,27.84
0.265885,27.85
0.265885,27.86
0.265885,27.87
0.265885,27.88
0.265885,27.89
0.265885,27.9
0.265885,27.91
0.265885,27.92
0.265885,27.93
0.265885,27.94
0.265885,27.95
0.265885,27.96
0.265885,27.97
0.265885,27.98
0.265885,27.99
0.265885,28
0.265885,28.01
0.265885,28.02
0.265885,28.03
0.265885,28.04
0.261975,28.05
0.265885,28.06
0.265885,28.07
0.261975,28.08
0.258065,28.09
0.258065,28.1
0.258065,28.11
0.258065,28.12
0.258065,28.13
0.258065,28.14
0.258065,28.15
0.258065,28.16
0.258065,28.17
0.258065,28.18
0.258065,28.19
0.258065,28.2
0.258065,28.21
0.258065,28.22
0.258065,28.23
0.258065,28.24
0.258065,28.25
0.258065,28.26
0.258065,28.27
0.258065,28.28
0.258065,28.29
0.258065,28.3
0.258065,28.31
0.258065,28.32
0.258065,28.33
0.258065,28.34
0.258065,28.35
0.258065,28.36
0.261975,28.37
0.261975,28.38
0.261975,28.39
0.261975,28.4
0.261975,28.41
0.261975,28.42
0.261975,28.43
0.261975,28.44
0.261975,28.45
0.261975,28.46
0.261975,28.47
0.261975,28.48
0.261975,28.49
0.261975,28.5
0.261975,28.51
0.261975,28.52
0.261975,28.53
0.261975,28.54
0.261975,28.55
0.261975,28.56
0.261975,28.57
0.261975,28.58
0.261975,28.59
0.261975,28.6
0.261975,28.61
0.261975,28.62
0.261975,28.63
0.258065,28.64
0.261975,28.65
0.261975,28.66
0.258065,28.67
0.261975,28.68
0.261975,28.69
0.258065,28.7
0.261975,28.71
0.261975,28.72
0.261975,28.73
0.261975,28.74
0.261975,28.75
0.261975,28.76
0.261975,28.77
0.258065,28.78
0.258065,28.79
0.261975,28.8
0.258065,28.81
0.261975,28.82
0.258065,28.83
0.261975,28.84
0.261975,28.85
0.258065,28.86
0.258065,28.87
0.258065,28.88
0.258065,28.89
0.261975,28.9
0.261975,28.91
0.258065,28.92
0.261975,28.93
0.261975,28.94
0.258065,28.95
0.258065,28.96
0.258065,28.97
0.258065,28.98
0.258065,28.99
0.258065,29
0.258065,29.01
0.258065,29.02
0.258065,29.03
0.258065,29.04
0.261975,29.05
0.258065,29.06
0.258065,29.07
0.258065,29.08
0.258065,29.09
0.258065,29.1
0.258065,29.11
0.258065,29.12
0.258065,29.13
0.258065,29.14
0.258065,29.15
0.258065,29.16
0.258065,29.17
0.258065,29.18
0.258065,29.19
0.258065,29.2
0.258065,29.21
0.258065,29.22
0.258065,29.23
0.258065,29.24
0.258065,29.25
0.258065,29.26
0.258065,29.27
0.258065,29.28
0.258065,29.29
0.258065,29.3
0.258065,29.31
0.258065,29.32
0.258065,29.33
0.258065,29.34
0.258065,29.35
0.258065,29.36
0.258065,29.37
0.258065,29.38
0.258065,29.39
0.258065,29.4
0.258065,29.41
0.258065,29.42
0.258065,29.43
0.258065,29.44
0.258065,29.45
0.258065,29.46
0.258065,29.47
0.258065,29.48
0.258065,29.49
0.258065,29.5
0.258065,29.51
0.258065,29.52
0.258065,29.53
0.258065,29.54
0.258065,29.55
0.258065,29.56
0.258065,29.57
0.258065,29.58
0.258065,29.59
0.258065,29.6
0.258065,29.61
0.258065,29.62
0.258065,29.63
0.258065,29.64
0.258065,29.65
0.258065,29.66
0.258065,29.67
0.258065,29.68
0.258065,29.69
0.258065,29.7
0.258065,29.71
0.258065,29.72
0.258065,29.73
0.258065,29.74
0.258065,29.75
0.258065,29.76
0.258065,29.77
0.258065,29.78
0.258065,29.79
0.258065,29.8
0.258065,29.81
0.258065,29.82
0.258065,29.83
0.258065,29.84
0.258065,29.85
0.258065,29.86
0.258065,29.87
0.258065,29.88
0.258065,29.89
0.258065,29.9
0.258065,29.91
0.258065,29.92
0.258065,29.93
0.258065,29.94
0.258065,29.95
0.258065,29.96
0.261975,29.97
0.261975,29.98
0.258065,29.99
0.258065,30
0.258065,30.01
0.258065,30.02
0.258065,30.03
0.258065,30.04
0.258065,30.05
0.258065,30.06
0.258065,30.07
0.258065,30.08
0.261975,30.09
0.258065,30.1
0.258065,30.11
0.258065,30.12
0.258065,30.13
0.261975,30.14
0.258065,30.15
0.258065,30.16
0.258065,30.17
0.258065,30.18
0.258065,30.19
0.261975,30.2
0.258065,30.21
0.258065,30.22
0.258065,30.23
0.258065,30.24
0.258065,30.25
0.258065,30.26
0.258065,30.27
0.261975,30.28
0.258065,30.29
0.261975,30.3
0.258065,30.31
0.258065,30.32
0.258065,30.33
0.258065,30.34
0.258065,30.35
0.258065,30.36
0.258065,30.37
0.258065,30.38
0.258065,30.39
0.258065,30.4
0.258065,30.41
0.258065,30.42
0.258065,30.43
0.258065,30.44
0.258065,30.45
0.258065,30.46
0.258065,30.47
0.258065,30.48
0.258065,30.49
0.258065,30.5
0.258065,30.51
0.258065,30.52
0.258065,30.53
0.258065,30.54
0.258065,30.55
0.258065,30.56
0.258065,30.57
0.258065,30.58
0.258065,30.59
0.258065,30.6
0.258065,30.61
0.258065,30.62
0.258065,30.63
0.258065,30.64
0.258065,30.65
0.258065,30.66
0.258065,30.67
0.258065,30.68
0.258065,30.69
0.258065,30.7
0.258065,30.71
0.258065,30.72
0.258065,30.73
0.258065,30.74
0.258065,30.75
0.258065,30.76
0.258065,30.77
0.258065,30.78
0.258065,30.79
0.258065,30.8
0.258065,30.81
0.258065,30.82
0.258065,30.83
0.258065,30.84
0.258065,30.85
0.258065,30.86
0.258065,30.87
0.258065,30.88
0.258065,30.89
0.258065,30.9
0.258065,30.91
0.258065,30.92
0.258065,30.93
0.258065,30.94
0.258065,30.95
0.258065,30.96
0.258065,30.97
0.258065,30.98
0.258065,30.99
0.258065,31
0.258065,31.01
0.258065,31.02
0.258065,31.03
0.258065,31.04
0.254154,31.05
0.258065,31.06
0.258065,31.07
0.254154,31.08
0.258065,31.09
0.258065,31.1
0.254154,31.11
0.258065,31.12
0.258065,31.13
0.258065,31.14
0.258065,31.15
0.258065,31.16
0.258065,31.17
0.254154,31.18
0.254154,31.19
0.258065,31.2
0.258065,31.21
0.254154,31.22
0.258065,31.23
0.258065,31.24
0.254154,31.25
0.258065,31.26
0.254154,31.27
0.254154,31.28
0.258065,31.29
0.254154,31.3
0.258065,31.31
0.258065,31.32
0.254154,31.33
0.258065,31.34
0.258065,31.35
0.254154,31.36
0.258065,31.37
0.258065,31.38
0.254154,31.39
0.254154,31.4
0.258065,31.41
0.258065,31.42
0.258065,31.43
0.254154,31.44
0.254154,31.45
0.258065,31.46
0.258065,31.47
0.269795,31.48
0.903226,31.49
0.688172,31.5
0.527859,31.51
0.758553,31.52
0.981427,31.53
0.637341,31.54
0.617791,31.55
0.895406,31.56
0.782014,31.57
0.520039,31.58
0.731183,31.59
0.868035,31.6
0.621701,31.61
0.621701,31.62
0.883675,31.63
0.817204,31.64
0.539589,31.65
0.750733,31.66
0.914956,31.67
0.609971,31.68
0.609971,31.69
0.887586,31.7
0.793744,31.71
0.535679,31.72
0.770283,31.73
0.895406,31.74
0.609971,31.75
0.625611,31.76
0.883675,31.77
0.801564,31.78
0.543499,31.79
0.770283,31.8
0.911046,31.81
0.59824,31.82
0.625611,31.83
0.899316,31.84
0.789834,31.85
0.539589,31.86
0.789834,31.87
0.891496,31.88
0.59042,31.89
0.641251,31.9
0.891496,31.91
0.785924,31.92
0.543499,31.93
0.785924,31.94
0.903226,31.95
0.5826,31.96
0.633431,31.97
0.899316,31.98
0.766373,31.99
0.54741,32
0.801564,32.01
0.883675,32.02
0.5826,32.03
0.656891,32.04
0.895406,32.05
0.766373,32.06
0.54741,32.07
0.793744,32.08
0.895406,32.09
0.57087,32.1
0.645161,32.11
0.903226,32.12
0.754643,32.13
0.55132,32.14
0.813294,32.15
0.883675,32.16
0.57087,32.17
0.660802,32.18
0.895406,32.19
0.754643,32.2
0.55523,32.21
0.801564,32.22
0.887586,32.23
0.56696,32.24
0.664712,32.25
0.911046,32.26
0.739003,32.27
0.55132,32.28
0.821114,32.29
0.879765,32.3
0.56305,32.31
0.680352,32.32
0.911046,32.33
0.739003,32.34
0.55914,32.35
0.813294,32.36
0.883675,32.37
0.55914,32.38
0.672532,32.39
0.918866,32.4
0.723363,32.41
0.56305,32.42
0.832845,32.43
0.871945,32.44
0.55914,32.45
0.692082,32.46
0.914956,32.47
0.719453,32.48
0.56696,32.49
0.832845,32.5
0.868035,32.51
0.55132,32.52
0.688172,32.53
0.903226,32.54
0.707722,32.55
0.57087,32.56
0.840665,32.57
0.864125,32.58
0.55132,32.59
0.707722,32.6
0.907136,32.61
0.703812,32.62
0.57087,32.63
0.844575,32.64
0.860215,32.65
0.54741,32.66
0.699902,32.67
0.926686,32.68
0.692082,32.69
0.57478,32.7
0.848485,32.71
0.856305,32.72
0.54741,32.73
0.715542,32.74
0.914956,32.75
0.680352,32.76
0.5826,32.77
0.860215,32.78
0.852395,32.79
0.543499,32.8
0.715542,32.81
0.914956,32.82
0.672532,32.83
0.58651,32.84
0.860215,32.85
0.840665,32.86
0.543499,32.87
0.731183,32.88
0.911046,32.89
0.668622,32.9
0.59433,32.91
0.868035,32.92
0.836755,32.93
0.543499,32.94
0.727273,32.95
0.918866,32.96
0.660802,32.97
0.59824,32.98
0.871945,32.99
0.836755,33
0.54741,33.01
0.750733,33.02
0.914956,33.03
0.656891,33.04
0.606061,33.05
0.871945,33.06
0.832845,33.07
0.54741,33.08
0.742913,33.09
0.922776,33.1
0.645161,33.11
0.609971,33.12
0.879765,33.13
0.821114,33.14
0.543499,33.15
0.758553,33.16
0.914956,33.17
0.637341,33.18
0.617791,33.19
0.887586,33.2
0.821114,33.21
0.543499,33.22
0.762463,33.23
0.907136,33.24
0.625611,33.25
0.621701,33.26
0.891496,33.27
0.809384,33.28
0.54741,33.29
0.782014,33.3
0.911046,33.31
0.617791,33.32
0.633431,33.33
0.891496,33.34
0.805474,33.35
0.55132,33.36
0.778104,33.37
0.911046,33.38
0.606061,33.39
0.637341,33.4
0.899316,33.41
0.789834,33.42
0.55132,33.43
0.801564,33.44
0.899316,33.45
0.602151,33.46
0.649071,33.47
0.911046,33.48
0.782014,33.49
0.55523,33.5
0.793744,33.51
0.907136,33.52
0.59042,33.53
0.645161,33.54
0.911046,33.55
0.770283,33.56
0.55523,33.57
0.817204,33.58
0.899316,33.59
0.58651,33.6
0.664712,33.61
0.907136,33.62
0.770283,33.63
0.55914,33.64
0.805474,33.65
0.903226,33.66
0.58651,33.67
0.664712,33.68
0.911046,33.69
0.762463,33.7
0.56305,33.71
0.821114,33.72
0.891496,33.73
0.57869,33.74
0.680352,33.75
0.911046,33.76
0.762463,33.77
0.56305,33.78
0.821114,33.79
0.895406,33.8
0.57478,33.81
0.676442,33.82
0.914956,33.83
0.750733,33.84
0.56305,33.85
0.832845,33.86
0.883675,33.87
0.57087,33.88
0.688172,33.89
0.914956,33.9
0.746823,33.91
0.56305,33.92
0.828934,33.93
0.887586,33.94
0.56696,33.95
0.692082,33.96
0.926686,33.97
0.739003,33.98
0.57087,33.99
0.840665,34
0.879765,34.01
0.56696,34.02
0.699902,34.03
0.914956,34.04
0.727273,34.05
0.57087,34.06
0.840665,34.07
0.891496,34.08
0.56696,34.09
0.695992,34.1
0.922776,34.11
0.723363,34.12
0.57478,34.13
0.848485,34.14
0.871945,34.15
0.55914,34.16
0.707722,34.17
0.914956,34.18
0.715542,34.19
0.5826,34.2
0.848485,34.21
0.871945,34.22
0.55523,34.23
0.707722,34.24
0.922776,34.25
0.692082,34.26
0.5826,34.27
0.860215,34.28
0.860215,34.29
0.55523,34.3
0.723363,34.31
0.930596,34.32
0.695992,34.33
0.59042,34.34
0.864125,34.35
0.864125,34.36
0.55132,34.37
0.727273,34.38
0.922776,34.39
0.684262,34.4
0.59433,34.41
0.875855,34.42
0.848485,34.43
0.55132,34.44
0.742913,34.45
0.926686,34.46
0.672532,34.47
0.59824,34.48
0.871945,34.49
0.852395,34.5
0.54741,34.51
0.742913,34.52
0.922776,34.53
0.656891,34.54
0.602151,34.55
0.883675,34.56
0.828934,34.57
0.54741,34.58
0.758553,34.59
0.918866,34.6
0.645161,34.61
0.617791,34.62
0.887586,34.63
0.832845,34.64
0.54741,34.65
0.762463,34.66
0.926686,34.67
0.633431,34.68
0.617791,34.69
0.895406,34.7
0.817204,34.71
0.54741,34.72
0.774194,34.73
0.918866,34.74
0.629521,34.75
0.629521,34.76
0.903226,34.77
0.813294,34.78
0.54741,34.79
0.770283,34.8
0.918866,34.81
0.613881,34.82
0.629521,34.83
0.895406,34.84
0.801564,34.85
0.55132,34.86
0.785924,34.87
0.914956,34.88
0.609971,34.89
0.645161,34.9
0.899316,34.91
0.793744,34.92
0.55523,34.93
0.789834,34.94
0.918866,34.95
0.602151,34.96
0.645161,34.97
0.899316,34.98
0.782014,34.99
0.55523,35
0.805474,35.01
0.899316,35.02
0.59433,35.03
0.664712,35.04
0.903226,35.05
0.782014,35.06
0.55914,35.07
0.805474,35.08
0.907136,35.09
0.58651,35.1
0.656891,35.11
0.911046,35.12
0.770283,35.13
0.55914,35.14
0.817204,35.15
0.891496,35.16
0.5826,35.17
0.672532,35.18
0.914956,35.19
0.766373,35.2
0.56305,35.21
0.821114,35.22
0.899316,35.23
0.57869,35.24
0.676442,35.25
0.914956,35.26
0.750733,35.27
0.56305,35.28
0.825024,35.29
0.887586,35.3
0.57478,35.31
0.688172,35.32
0.918866,35.33
0.750733,35.34
0.56696,35.35
0.828934,35.36
0.895406,35.37
0.57087,35.38
0.684262,35.39
0.922776,35.4
0.735093,35.41
0.57087,35.42
0.840665,35.43
0.879765,35.44
0.56305,35.45
0.695992,35.46
0.922776,35.47
0.727273,35.48
0.57087,35.49
0.836755,35.5
0.879765,35.51
0.56305,35.52
0.703812,35.53
0.926686,35.54
0.715542,35.55
0.57478,35.56
0.848485,35.57
0.875855,35.58
0.55914,35.59
0.715542,35.6
0.914956,35.61
0.715542,35.62
0.5826,35.63
0.856305,35.64
0.871945,35.65
0.55523,35.66
0.711632,35.67
0.930596,35.68
0.699902,35.69
0.58651,35.7
0.860215,35.71
0.860215,35.72
0.55523,35.73
0.735093,35.74
0.914956,35.75
0.688172,35.76
0.59433,35.77
0.864125,35.78
0.860215,35.79
0.55132,35.8
0.731183,35.81
0.926686,35.82
0.680352,35.83
0.59824,35.84
0.871945,35.85
0.848485,35.86
0.55132,35.87
0.746823,35.88
0.918866,35.89
0.668622,35.9
0.602151,35.91
0.883675,35.92
0.848485,35.93
0.54741,35.94
0.739003,35.95
0.930596,35.96
0.656891,35.97
0.59824,35.98
0.883675,35.99
0.836755,36
0.54741,36.01
0.754643,36.02
0.918866,36.03
0.652981,36.04
0.613881,36.05
0.887586,36.06
0.836755,36.07
0.54741,36.08
0.750733,36.09
0.926686,36.1
0.641251,36.11
0.613881,36.12
0.879765,36.13
0.825024,36.14
0.54741,36.15
0.778104,36.16
0.914956,36.17
0.633431,36.18
0.625611,36.19
0.891496,36.2
0.817204,36.21
0.55132,36.22
0.774194,36.23
0.926686,36.24
0.625611,36.25
0.629521,36.26
0.895406,36.27
0.805474,36.28
0.55132,36.29
0.785924,36.3
0.914956,36.31
0.617791,36.32
0.637341,36.33
0.899316,36.34
0.801564,36.35
0.55132,36.36
0.789834,36.37
0.918866,36.38
0.606061,36.39
0.633431,36.4
0.903226,36.41
0.785924,36.42
0.55132,36.43
0.797654,36.44
0.907136,36.45
0.59824,36.46
0.652981,36.47
0.907136,36.48
0.789834,36.49
0.55523,36.5
0.805474,36.51
0.907136,36.52
0.59824,36.53
0.649071,36.54
0.907136,36.55
0.778104,36.56
0.55132,36.57
0.813294,36.58
0.903226,36.59
0.59433,36.6
0.660802,36.61
0.907136,36.62
0.778104,36.63
0.55523,36.64
0.809384,36.65
0.903226,36.66
0.58651,36.67
0.656891,36.68
0.907136,36.69
0.770283,36.7
0.55914,36.71
0.813294,36.72
0.895406,36.73
0.5826,36.74
0.672532,36.75
0.918866,36.76
0.774194,36.77
0.56305,36.78
0.821114,36.79
0.903226,36.8
0.57869,36.81
0.668622,36.82
0.922776,36.83
0.754643,36.84
0.56696,36.85
0.828934,36.86
0.891496,36.87
0.57478,36.88
0.688172,36.89
0.918866,36.9
0.746823,36.91
0.56696,36.92
0.828934,36.93
0.891496,36.94
0.56696,36.95
0.688172,36.96
0.922776,36.97
0.735093,36.98
0.56696,36.99
0.844575,37
0.879765,37.01
0.56696,37.02
0.695992,37.03
0.922776,37.04
0.727273,37.05
0.57087,37.06
0.844575,37.07
0.879765,37.08
0.56696,37.09
0.699902,37.1
0.926686,37.11
0.715542,37.12
0.57869,37.13
0.860215,37.14
0.868035,37.15
0.55914,37.16
0.711632,37.17
0.918866,37.18
0.715542,37.19
0.5826,37.2
0.848485,37.21
0.883675,37.22
0.55523,37.23
0.715542,37.24
0.922776,37.25
0.699902,37.26
0.58651,37.27
0.852395,37.28
0.852395,37.29
0.55523,37.3
0.731183,37.31
0.938416,37.32
0.695992,37.33
0.59042,37.34
0.860215,37.35
0.864125,37.36
0.55132,37.37
0.727273,37.38
0.926686,37.39
0.676442,37.4
0.59433,37.41
0.864125,37.42
0.844575,37.43
0.55132,37.44
0.746823,37.45
0.922776,37.46
0.668622,37.47
0.606061,37.48
0.875855,37.49
0.848485,37.5
0.55132,37.51
0.746823,37.52
0.926686,37.53
0.656891,37.54
0.602151,37.55
0.883675,37.56
0.840665,37.57
0.55132,37.58
0.762463,37.59
0.930596,37.6
0.649071,37.61
0.613881,37.62
0.887586,37.63
0.836755,37.64
0.54741,37.65
0.758553,37.66
0.930596,37.67
0.641251,37.68
0.613881,37.69
0.891496,37.7
0.821114,37.71
0.54741,37.72
0.774194,37.73
0.926686,37.74
0.633431,37.75
0.625611,37.76
0.899316,37.77
0.821114,37.78
0.55132,37.79
0.782014,37.8
0.930596,37.81
0.621701,37.82
0.625611,37.83
0.899316,37.84
0.805474,37.85
0.55132,37.86
0.789834,37.87
0.907136,37.88
0.617791,37.89
0.645161,37.9
0.903226,37.91
0.801564,37.92
0.55523,37.93
0.789834,37.94
0.914956,37.95
0.602151,37.96
0.645161,37.97
0.914956,37.98
0.785924,37.99
0.55132,38
0.809384,38.01
0.903226,38.02
0.59824,38.03
0.656891,38.04
0.911046,38.05
0.789834,38.06
0.55914,38.07
0.797654,38.08
0.911046,38.09
0.59042,38.1
0.660802,38.11
0.918866,38.12
0.774194,38.13
0.55914,38.14
0.817204,38.15
0.899316,38.16
0.58651,38.17
0.676442,38.18
0.914956,38.19
0.766373,38.2
0.55914,38.21
0.817204,38.22
0.907136,38.23
0.57869,38.24
0.668622,38.25
0.922776,38.26
0.754643,38.27
0.56696,38.28
0.821114,38.29
0.895406,38.3
0.57869,38.31
0.680352,38.32
0.911046,38.33
0.758553,38.34
0.56696,38.35
0.832845,38.36
0.895406,38.37
0.57087,38.38
0.680352,38.39
0.926686,38.4
0.742913,38.41
0.56696,38.42
0.836755,38.43
0.883675,38.44
0.56696,38.45
0.695992,38.46
0.922776,38.47
0.735093,38.48
0.57087,38.49
0.828934,38.5
0.887586,38.51
0.56696,38.52
0.692082,38.53
0.926686,38.54
0.727273,38.55
0.57478,38.56
0.848485,38.57
0.879765,38.58
0.56305,38.59
0.703812,38.6
0.922776,38.61
0.719453,38.62
0.57869,38.63
0.852395,38.64
0.883675,38.65
0.55914,38.66
0.699902,38.67
0.926686,38.68
0.711632,38.69
0.57869,38.7
0.856305,38.71
0.871945,38.72
0.55914,38.73
0.727273,38.74
0.922776,38.75
0.703812,38.76
0.58651,38.77
0.860215,38.78
0.871945,38.79
0.55523,38.8
0.715542,38.81
0.918866,38.82
0.692082,38.83
0.58651,38.84
0.868035,38.85
0.860215,38.86
0.55523,38.87
0.723363,38.88
0.926686,38.89
0.692082,38.9
0.59042,38.91
0.868035,38.92
0.864125,38.93
0.55132,38.94
0.723363,38.95
0.922776,38.96
0.676442,38.97
0.59433,38.98
0.871945,38.99
0.852395,39
0.55132,39.01
0.754643,39.02
0.922776,39.03
0.668622,39.04
0.602151,39.05
0.871945,39.06
0.852395,39.07
0.55132,39.08
0.746823,39.09
0.922776,39.1
0.656891,39.11
0.609971,39.12
0.887586,39.13
0.836755,39.14
0.54741,39.15
0.762463,39.16
0.930596,39.17
0.649071,39.18
0.613881,39.19
0.883675,39.2
0.832845,39.21
0.54741,39.22
0.762463,39.23
0.918866,39.24
0.637341,39.25
0.625611,39.26
0.891496,39.27
0.813294,39.28
0.55132,39.29
0.782014,39.3
0.914956,39.31
0.625611,39.32
0.633431,39.33
0.899316,39.34
0.809384,39.35
0.55132,39.36
0.785924,39.37
0.922776,39.38
0.613881,39.39
0.637341,39.4
0.899316,39.41
0.797654,39.42
0.55132,39.43
0.797654,39.44
0.907136,39.45
0.602151,39.46
0.656891,39.47
0.903226,39.48
0.789834,39.49
0.55523,39.5
0.809384,39.51
0.914956,39.52
0.59433,39.53
0.656891,39.54
0.914956,39.55
0.778104,39.56
0.55914,39.57
0.809384,39.58
0.907136,39.59
0.59042,39.6
0.668622,39.61
0.911046,39.62
0.774194,39.63
0.56305,39.64
0.809384,39.65
0.911046,39.66
0.5826,39.67
0.660802,39.68
0.914956,39.69
0.758553,39.7
0.56305,39.71
0.821114,39.72
0.899316,39.73
0.57869,39.74
0.684262,39.75
0.918866,39.76
0.750733,39.77
0.56696,39.78
0.825024,39.79
0.895406,39.8
0.57087,39.81
0.680352,39.82
0.922776,39.83
0.739003,39.84
0.56696,39.85
0.836755,39.86
0.875855,39.87
0.56696,39.88
0.695992,39.89
0.922776,39.9
0.731183,39.91
0.57478,39.92
0.836755,39.93
0.879765,39.94
0.56305,39.95
0.695992,39.96
0.922776,39.97
0.719453,39.98
0.57869,39.99
0.852395,40
0.868035,40.01
0.56305,40.02
0.715542,40.03
0.922776,40.04
0.711632,40.05
0.5826,40.06
0.852395,40.07
0.875855,40.08
0.55523,40.09
0.707722,40.1
0.926686,40.11
0.699902,40.12
0.58651,40.13
0.856305,40.14
0.852395,40.15
0.55523,40.16
0.731183,40.17
0.922776,40.18
0.688172,40.19
0.59433,40.2
0.864125,40.21
0.860215,40.22
0.55132,40.23
0.731183,40.24
0.934506,40.25
0.672532,40.26
0.59824,40.27
0.879765,40.28
0.844575,40.29
0.55132,40.3
0.746823,40.31
0.922776,40.32
0.664712,40.33
0.609971,40.34
0.871945,40.35
0.844575,40.36
0.55132,40.37
0.746823,40.38
0.922776,40.39
0.652981,40.4
0.609971,40.41
0.883675,40.42
0.828934,40.43
0.55132,40.44
0.766373,40.45
0.914956,40.46
0.645161,40.47
0.621701,40.48
0.895406,40.49
0.828934,40.5
0.55132,40.51
0.766373,40.52
0.922776,40.53
0.633431,40.54
0.617791,40.55
0.903226,40.56
0.813294,40.57
0.54741,40.58
0.778104,40.59
0.922776,40.6
0.625611,40.61
0.637341,40.62
0.891496,40.63
0.809384,40.64
0.55132,40.65
0.782014,40.66
0.918866,40.67
0.613881,40.68
0.633431,40.69
0.907136,40.7
0.797654,40.71
0.55523,40.72
0.793744,40.73
0.907136,40.74
0.609971,40.75
0.652981,40.76
0.907136,40.77
0.793744,40.78
0.55523,40.79
0.793744,40.8
0.903226,40.81
0.59433,40.82
0.652981,40.83
0.911046,40.84
0.778104,40.85
0.55523,40.86
0.813294,40.87
0.899316,40.88
0.58651,40.89
0.664712,40.9
0.903226,40.91
0.774194,40.92
0.55914,40.93
0.813294,40.94
0.903226,40.95
0.5826,40.96
0.660802,40.97
0.918866,40.98
0.758553,40.99
0.56305,41
0.821114,41.01
0.883675,41.02
0.57869,41.03
0.680352,41.04
0.918866,41.05
0.750733,41.06
0.56305,41.07
0.817204,41.08
0.895406,41.09
0.57087,41.1
0.676442,41.11
0.922776,41.12
0.746823,41.13
0.56696,41.14
0.836755,41.15
0.875855,41.16
0.57087,41.17
0.692082,41.18
0.918866,41.19
0.739003,41.2
0.57087,41.21
0.828934,41.22
0.887586,41.23
0.56305,41.24
0.692082,41.25
0.922776,41.26
0.723363,41.27
0.57478,41.28
0.844575,41.29
0.871945,41.3
0.55914,41.31
0.711632,41.32
0.911046,41.33
0.719453,41.34
0.57869,41.35
0.840665,41.36
0.875855,41.37
0.55914,41.38
0.707722,41.39
0.918866,41.4
0.703812,41.41
0.5826,41.42
0.852395,41.43
0.856305,41.44
0.55914,41.45
0.723363,41.46
0.918866,41.47
0.699902,41.48
0.58651,41.49
0.856305,41.5
0.864125,41.51
0.55523,41.52
0.719453,41.53
0.938416,41.54
0.684262,41.55
0.58651,41.56
0.864125,41.57
0.856305,41.58
0.55132,41.59
0.739003,41.6
0.918866,41.61
0.688172,41.62
0.59824,41.63
0.864125,41.64
0.852395,41.65
0.55132,41.66
0.727273,41.67
0.934506,41.68
0.660802,41.69
0.602151,41.7
0.875855,41.71
0.832845,41.72
0.55132,41.73
0.746823,41.74
0.922776,41.75
0.660802,41.76
0.609971,41.77
0.879765,41.78
0.844575,41.79
0.54741,41.8
0.750733,41.81
0.930596,41.82
0.641251,41.83
0.609971,41.84
0.883675,41.85
0.828934,41.86
0.54741,41.87
0.762463,41.88
0.922776,41.89
0.637341,41.9
0.625611,41.91
0.891496,41.92
0.825024,41.93
0.54741,41.94
0.770283,41.95
0.914956,41.96
0.629521,41.97
0.621701,41.98
0.895406,41.99
0.813294,42
0.54741,42.01
0.782014,42.02
0.914956,42.03
0.621701,42.04
0.633431,42.05
0.895406,42.06
0.805474,42.07
0.55132,42.08
0.778104,42.09
0.918866,42.1
0.606061,42.11
0.629521,42.12
0.903226,42.13
0.793744,42.14
0.55132,42.15
0.797654,42.16
0.907136,42.17
0.602151,42.18
0.652981,42.19
0.899316,42.2
0.785924,42.21
0.55523,42.22
0.809384,42.23
0.907136,42.24
0.59042,42.25
0.652981,42.26
0.907136,42.27
0.774194,42.28
0.55523,42.29
0.817204,42.3
0.895406,42.31
0.59042,42.32
0.668622,42.33
0.903226,42.34
0.774194,42.35
0.55523,42.36
0.805474,42.37
0.903226,42.38
0.57869,42.39
0.660802,42.4
0.911046,42.41
0.754643,42.42
0.55523,42.43
0.817204,42.44
0.891496,42.45
0.57869,42.46
0.672532,42.47
0.911046,42.48
0.750733,42.49
0.56305,42.5
0.828934,42.51
0.891496,42.52
0.56696,42.53
0.668622,42.54
0.914956,42.55
0.731183,42.56
0.56305,42.57
0.832845,42.58
0.875855,42.59
0.56305,42.6
0.692082,42.61
0.911046,42.62
0.735093,42.63
0.56305,42.64
0.825024,42.65
0.879765,42.66
0.55914,42.67
0.680352,42.68
0.911046,42.69
0.719453,42.7
0.56696,42.71
0.836755,42.72
0.871945,42.73
0.55523,42.74
0.699902,42.75
0.914956,42.76
0.711632,42.77
0.57087,42.78
0.828934,42.79
0.860215,42.8
0.55132,42.81
0.695992,42.82
0.914956,42.83
0.699902,42.84
0.57478,42.85
0.844575,42.86
0.848485,42.87
0.54741,42.88
0.707722,42.89
0.903226,42.9
0.684262,42.91
0.57478,42.92
0.836755,42.93
0.848485,42.94
0.539589,42.95
0.711632,42.96
0.907136,42.97
0.664712,42.98
0.57869,42.99
0.852395,43
0.832845,43.01
0.539589,43.02
0.723363,43.03
0.911046,43.04
0.664712,43.05
0.58651,43.06
0.848485,43.07
0.836755,43.08
0.539589,43.09
0.719453,43.1
0.907136,43.11
0.645161,43.12
0.59433,43.13
0.864125,43.14
0.825024,43.15
0.539589,43.16
0.742913,43.17
0.903226,43.18
0.641251,43.19
0.602151,43.2
0.856305,43.21
0.825024,43.22
0.539589,43.23
0.739003,43.24
0.914956,43.25
0.633431,43.26
0.606061,43.27
0.879765,43.28
0.813294,43.29
0.543499,43.3
0.758553,43.31
0.914956,43.32
0.625611,43.33
0.621701,43.34
0.887586,43.35
0.817204,43.36
0.543499,43.37
0.766373,43.38
0.914956,43.39
0.613881,43.4
0.621701,43.41
0.895406,43.42
0.801564,43.43
0.543499,43.44
0.778104,43.45
0.903226,43.46
0.609971,43.47
0.633431,43.48
0.899316,43.49
0.801564,43.5
0.54741,43.51
0.778104,43.52
0.911046,43.53
0.59824,43.54
0.633431,43.55
0.903226,43.56
0.778104,43.57
0.54741,43.58
0.797654,43.59
0.899316,43.6
0.59042,43.61
0.645161,43.62
0.977517,43.63
0.782014,43.64
0.55132,43.65
0.793744,43.66
0.903226,43.67
0.5826,43.68
0.649071,43.69
0.903226,43.7
0.770283,43.71
0.55132,43.72
0.805474,43.73
0.891496,43.74
0.5826,43.75
0.664712,43.76
0.903226,43.77
0.762463,43.78
0.55523,43.79
0.805474,43.8
0.895406,43.81
0.57087,43.82
0.656891,43.83
0.907136,43.84
0.957967,43.85
0.55914,43.86
0.825024,43.87
0.954057,43.88
0.57478,43.89
0.672532,43.9
0.899316,43.91
0.754643,43.92
0.55914,43.93
0.817204,43.94
0.895406,43.95
0.56305,43.96
0.672532,43.97
0.914956,43.98
0.739003,43.99
0.55914,44
0.828934,44.01
0.879765,44.02
0.56305,44.03
0.684262,44.04
0.911046,44.05
0.731183,44.06
0.56305,44.07
0.821114,44.08
0.875855,44.09
0.55914,44.1
0.680352,44.11
0.911046,44.12
0.719453,44.13
0.56696,44.14
0.836755,44.15
0.864125,44.16
0.55132,44.17
0.699902,44.18
0.907136,44.19
0.715542,44.2
0.57478,44.21
0.836755,44.22
0.868035,44.23
0.55132,44.24
0.688172,44.25
0.918866,44.26
0.695992,44.27
0.57478,44.28
0.852395,44.29
0.856305,44.3
0.54741,44.31
0.719453,44.32
0.918866,44.33
0.688172,44.34
0.5826,44.35
0.848485,44.36
0.856305,44.37
0.54741,44.38
0.715542,44.39
0.918866,44.4
0.676442,44.41
0.5826,44.42
0.856305,44.43
0.844575,44.44
0.54741,44.45
0.735093,44.46
0.911046,44.47
0.676442,44.48
0.59042,44.49
0.864125,44.5
0.840665,44.51
0.539589,44.52
0.727273,44.53
0.922776,44.54
0.652981,44.55
0.59433,44.56
0.868035,44.57
0.828934,44.58
0.539589,44.59
0.754643,44.6
0.918866,44.61
0.649071,44.62
0.602151,44.63
0.879765,44.64
0.828934,44.65
0.539589,44.66
0.742913,44.67
0.922776,44.68
0.633431,44.69
0.609971,44.7
0.883675,44.71
0.817204,44.72
0.543499,44.73
0.758553,44.74
0.911046,44.75
0.629521,44.76
0.621701,44.77
0.887586,44.78
0.809384,44.79
0.543499,44.8
0.758553,44.81
0.914956,44.82
0.613881,44.83
0.621701,44.84
0.895406,44.85
0.801564,44.86
0.543499,44.87
0.782014,44.88
0.907136,44.89
0.613881,44.9
0.637341,44.91
0.891496,44.92
0.793744,44.93
0.54741,44.94
0.778104,44.95
0.914956,44.96
0.59824,44.97
0.637341,44.98
0.899316,44.99
0.782014,45
0.54741,45.01
0.793744,45.02
0.899316,45.03
0.59433,45.04
0.652981,45.05
0.903226,45.06
0.782014,45.07
0.55132,45.08
0.797654,45.09
0.911046,45.1
0.5826,45.11
0.649071,45.12
0.903226,45.13
0.762463,45.14
0.55132,45.15
0.809384,45.16
0.895406,45.17
0.57869,45.18
0.664712,45.19
0.899316,45.2
0.766373,45.21
0.55523,45.22
0.809384,45.23
0.895406,45.24
0.57478,45.25
0.656891,45.26
0.914956,45.27
0.754643,45.28
0.55523,45.29
0.817204,45.3
0.883675,45.31
0.57087,45.32
0.672532,45.33
0.907136,45.34
0.746823,45.35
0.56305,45.36
0.821114,45.37
0.887586,45.38
0.56305,45.39
0.676442,45.4
0.911046,45.41
0.727273,45.42
0.56305,45.43
0.828934,45.44
0.868035,45.45
0.56305,45.46
0.688172,45.47
0.903226,45.48
0.727273,45.49
0.56696,45.5
0.832845,45.51
0.875855,45.52
0.55523,45.53
0.688172,45.54
0.922776,45.55
0.711632,45.56
0.57087,45.57
0.844575,45.58
0.860215,45.59
0.55523,45.6
0.715542,45.61
0.914956,45.62
0.703812,45.63
0.57869,45.64
0.848485,45.65
0.856305,45.66
0.54741,45.67
0.715542,45.68
0.918866,45.69
0.688172,45.7
0.5826,45.71
0.864125,45.72
0.852395,45.73
0.54741,45.74
0.727273,45.75
0.918866,45.76
0.680352,45.77
0.58651,45.78
0.856305,45.79
0.852395,45.8
0.543499,45.81
0.727273,45.82
0.918866,45.83
0.668622,45.84
0.59433,45.85
0.868035,45.86
0.836755,45.87
0.539589,45.88
0.742913,45.89
0.911046,45.9
0.656891,45.91
0.602151,45.92
0.868035,45.93
0.836755,45.94
0.543499,45.95
0.739003,45.96
0.914956,45.97
0.645161,45.98
0.602151,45.99
0.879765,46
0.821114,46.01
0.543499,46.02
0.762463,46.03
0.914956,46.04
0.633431,46.05
0.617791,46.06
0.883675,46.07
0.821114,46.08
0.543499,46.09
0.762463,46.1
0.918866,46.11
0.617791,46.12
0.617791,46.13
0.887586,46.14
0.801564,46.15
0.543499,46.16
0.778104,46.17
0.903226,46.18
0.613881,46.19
0.637341,46.2
0.891496,46.21
0.793744,46.22
0.54741,46.23
0.778104,46.24
0.907136,46.25
0.59824,46.26
0.633431,46.27
0.895406,46.28
0.782014,46.29
0.54741,46.3
0.793744,46.31
0.899316,46.32
0.59433,46.33
0.649071,46.34
0.895406,46.35
0.782014,46.36
0.55132,46.37
0.797654,46.38
0.903226,46.39
0.58651,46.4
0.645161,46.41
0.907136,46.42
0.770283,46.43
0.55523,46.44
0.813294,46.45
0.899316,46.46
0.5826,46.47
0.660802,46.48
0.899316,46.49
0.762463,46.5
0.55523,46.51
0.809384,46.52
0.899316,46.53
0.57087,46.54
0.664712,46.55
0.907136,46.56
0.742913,46.57
0.55914,46.58
0.821114,46.59
0.883675,46.6
0.57087,46.61
0.676442,46.62
0.918866,46.63
0.746823,46.64
0.56305,46.65
0.828934,46.66
0.883675,46.67
0.56305,46.68
0.680352,46.69
0.914956,46.7
0.723363,46.71
0.56696,46.72
0.836755,46.73
0.875855,46.74
0.56305,46.75
0.699902,46.76
0.918866,46.77
0.723363,46.78
0.56696,46.79
0.840665,46.8
0.871945,46.81
0.55523,46.82
0.695992,46.83
0.914956,46.84
0.707722,46.85
0.57478,46.86
0.840665,46.87
0.856305,46.88
0.55132,46.89
0.711632,46.9
0.911046,46.91
0.695992,46.92
0.57869,46.93
0.848485,46.94
0.860215,46.95
0.54741,46.96
0.703812,46.97
0.926686,46.98
0.684262,46.99
0.57869,47
0.848485,47.01
0.848485,47.02
0.54741,47.03
0.723363,47.04
0.914956,47.05
0.676442,47.06
0.59042,47.07
0.856305,47.08
0.848485,47.09
0.543499,47.1
0.731183,47.11
0.914956,47.12
0.664712,47.13
0.59824,47.14
0.871945,47.15
0.832845,47.16
0.543499,47.17
0.746823,47.18
0.914956,47.19
0.652981,47.2
0.602151,47.21
0.875855,47.22
0.832845,47.23
0.543499,47.24
0.742913,47.25
0.918866,47.26
0.637341,47.27
0.606061,47.28
0.875855,47.29
0.817204,47.3
0.543499,47.31
0.754643,47.32
0.914956,47.33
0.629521,47.34
0.621701,47.35
0.883675,47.36
0.817204,47.37
0.543499,47.38
0.758553,47.39
0.914956,47.4
0.617791,47.41
0.617791,47.42
0.887586,47.43
0.797654,47.44
0.543499,47.45
0.778104,47.46
0.907136,47.47
0.606061,47.48
0.633431,47.49
0.891496,47.5
0.797654,47.51
0.54741,47.52
0.785924,47.53
0.907136,47.54
0.59433,47.55
0.633431,47.56
0.895406,47.57
0.782014,47.58
0.54741,47.59
0.785924,47.6
0.895406,47.61
0.59042,47.62
0.649071,47.63
0.891496,47.64
0.782014,47.65
0.54741,47.66
0.793744,47.67
0.903226,47.68
0.5826,47.69
0.641251,47.7
0.903226,47.71
0.770283,47.72
0.54741,47.73
0.809384,47.74
0.883675,47.75
0.57869,47.76
0.660802,47.77
0.895406,47.78
0.762463,47.79
0.55132,47.8
0.801564,47.81
0.903226,47.82
0.57087,47.83
0.652981,47.84
0.907136,47.85
0.750733,47.86
0.55523,47.87
0.817204,47.88
0.883675,47.89
0.56696,47.9
0.676442,47.91
0.911046,47.92
0.750733,47.93
0.55523,47.94
0.809384,47.95
0.887586,47.96
0.56305,47.97
0.668622,47.98
0.911046,47.99
0.735093,48
0.55914,48.01
0.828934,48.02
0.875855,48.03
0.55914,48.04
0.684262,48.05
0.911046,48.06
0.731183,48.07
0.56305,48.08
0.828934,48.09
0.875855,48.1
0.55523,48.11
0.680352,48.12
0.918866,48.13
0.711632,48.14
0.56305,48.15
0.848485,48.16
0.860215,48.17
0.55132,48.18
0.703812,48.19
0.914956,48.2
0.703812,48.21
0.57087,48.22
0.832845,48.23
0.860215,48.24
0.54741,48.25
0.703812,48.26
0.914956,48.27
0.688172,48.28
0.57478,48.29
0.852395,48.3
0.844575,48.31
0.543499,48.32
0.719453,48.33
0.918866,48.34
0.680352,48.35
0.5826,48.36
0.852395,48.37
0.844575,48.38
0.543499,48.39
0.719453,48.4
0.911046,48.41
0.660802,48.42
0.5826,48.43
0.868035,48.44
0.828934,48.45
0.539589,48.46
0.739003,48.47
0.903226,48.48
0.664712,48.49
0.59433,48.5
0.868035,48.51
0.836755,48.52
0.539589,48.53
0.735093,48.54
0.918866,48.55
0.645161,48.56
0.59824,48.57
0.871945,48.58
0.821114,48.59
0.539589,48.6
0.754643,48.61
0.903226,48.62
0.637341,48.63
0.609971,48.64
0.871945,48.65
0.821114,48.66
0.539589,48.67
0.750733,48.68
0.911046,48.69
0.625611,48.7
0.609971,48.71
0.879765,48.72
0.809384,48.73
0.539589,48.74
0.766373,48.75
0.899316,48.76
0.621701,48.77
0.621701,48.78
0.879765,48.79
0.805474,48.8
0.539589,48.81
0.762463,48.82
0.918866,48.83
0.602151,48.84
0.621701,48.85
0.891496,48.86
0.789834,48.87
0.543499,48.88
0.778104,48.89
0.895406,48.9
0.602151,48.91
0.637341,48.92
0.895406,48.93
0.789834,48.94
0.543499,48.95
0.778104,48.96
0.899316,48.97
0.59042,48.98
0.637341,48.99
0.895406,49
0.770283,49.01
0.54741,49.02
0.797654,49.03
0.887586,49.04
0.5826,49.05
0.652981,49.06
0.895406,49.07
0.770283,49.08
0.55132,49.09
0.782014,49.1
0.891496,49.11
0.57869,49.12
0.641251,49.13
0.907136,49.14
0.762463,49.15
0.55132,49.16
0.809384,49.17
0.883675,49.18
0.57478,49.19
0.664712,49.2
0.903226,49.21
0.754643,49.22
0.55132,49.23
0.801564,49.24
0.891496,49.25
0.56696,49.26
0.660802,49.27
0.899316,49.28
0.739003,49.29
0.55523,49.3
0.817204,49.31
0.871945,49.32
0.56305,49.33
0.680352,49.34
0.907136,49.35
0.735093,49.36
0.56305,49.37
0.821114,49.38
0.875855,49.39
0.55914,49.4
0.672532,49.41
0.914956,49.42
0.715542,49.43
0.56696,49.44
0.832845,49.45
0.856305,49.46
0.55132,49.47
0.699902,49.48
0.903226,49.49
0.711632,49.5
0.57087,49.51
0.836755,49.52
0.864125,49.53
0.543499,49.54
0.695992,49.55
0.918866,49.56
0.695992,49.57
0.57478,49.58
0.852395,49.59
0.856305,49.6
0.54741,49.61
0.711632,49.62
0.914956,49.63
0.684262,49.64
0.5826,49.65
0.852395,49.66
0.852395,49.67
0.543499,49.68
0.715542,49.69
0.914956,49.7
0.672532,49.71
0.58651,49.72
0.864125,49.73
0.828934,49.74
0.543499,49.75
0.731183,49.76
0.907136,49.77
0.660802,49.78
0.59824,49.79
0.864125,49.8
0.840665,49.81
0.543499,49.82
0.731183,49.83
0.911046,49.84
0.645161,49.85
0.59824,49.86
0.871945,49.87
0.817204,49.88
0.543499,49.89
0.758553,49.9
0.914956,49.91
0.637341,49.92
0.609971,49.93
0.868035,49.94
0.825024,49.95
0.543499,49.96
0.750733,49.97
0.914956,49.98
0.629521,49.99
0.613881,50
0.883675,50.01
0.805474,50.02
0.539589,50.03
0.762463,50.04
0.911046,50.05
0.617791,50.06
0.625611,50.07
0.887586,50.08
0.801564,50.09
0.543499,50.1
0.774194,50.11
0.914956,50.12
0.606061,50.13
0.625611,50.14
0.899316,50.15
0.789834,50.16
0.54741,50.17
0.793744,50.18
0.903226,50.19
0.602151,50.2
0.645161,50.21
0.899316,50.22
0.782014,50.23
0.55132,50.24
0.789834,50.25
0.903226,50.26
0.58651,50.27
0.649071,50.28
0.907136,50.29
0.762463,50.3
0.55132,50.31
0.813294,50.32
0.891496,50.33
0.5826,50.34
0.660802,50.35
0.903226,50.36
0.762463,50.37
0.55523,50.38
0.801564,50.39
0.891496,50.4
0.57478,50.41
0.656891,50.42
0.914956,50.43
0.746823,50.44
0.55914,50.45
0.825024,50.46
0.875855,50.47
0.56696,50.48
0.680352,50.49
0.907136,50.5
0.742913,50.51
0.56305,50.52
0.821114,50.53
0.883675,50.54
0.55914,50.55
0.668622,50.56
0.911046,50.57
0.727273,50.58
0.56305,50.59
0.832845,50.6
0.868035,50.61
0.55914,50.62
0.692082,50.63
0.911046,50.64
0.719453,50.65
0.56696,50.66
0.825024,50.67
0.875855,50.68
0.55523,50.69
0.684262,50.7
0.914956,50.71
0.703812,50.72
0.57087,50.73
0.840665,50.74
0.860215,50.75
0.55523,50.76
0.715542,50.77
0.918866,50.78
0.699902,50.79
0.57478,50.8
0.805474,50.81
0.723363,50.82
0.434018,50.83
0.430108,50.84
0.394917,50.85
0.308895,50.86
0.281525,50.87
0.277615,50.88
0.277615,50.89
0.273705,50.9
0.316716,50.91
0.414467,50.92
0.394917,50.93
0.406647,50.94
0.59433,50.95
0.649071,50.96
0.473118,50.97
0.649071,50.98
0.848485,50.99
0.637341,51
0.5826,51.01
0.868035,51.02
0.832845,51.03
0.543499,51.04
0.739003,51.05
0.914956,51.06
0.660802,51.07
0.602151,51.08
0.864125,51.09
0.836755,51.1
0.543499,51.11
0.742913,51.12
0.922776,51.13
0.645161,51.14
0.602151,51.15
0.875855,51.16
0.825024,51.17
0.539589,51.18
0.758553,51.19
0.907136,51.2
0.637341,51.21
0.609971,51.22
0.871945,51.23
0.813294,51.24
0.539589,51.25
0.758553,51.26
0.911046,51.27
0.625611,51.28
0.609971,51.29
0.879765,51.3
0.805474,51.31
0.539589,51.32
0.770283,51.33
0.907136,51.34
0.617791,51.35
0.629521,51.36
0.883675,51.37
0.801564,51.38
0.543499,51.39
0.766373,51.4
0.911046,51.41
0.606061,51.42
0.625611,51.43
0.895406,51.44
0.789834,51.45
0.543499,51.46
0.789834,51.47
0.903226,51.48
0.59824,51.49
0.641251,51.5
0.895406,51.51
0.785924,51.52
0.54741,51.53
0.793744,51.54
0.907136,51.55
0.58651,51.56
0.645161,51.57
0.903226,51.58
0.774194,51.59
0.55132,51.6
0.801564,51.61
0.887586,51.62
0.5826,51.63
0.660802,51.64
0.903226,51.65
0.770283,51.66
0.55132,51.67
0.797654,51.68
0.887586,51.69
0.57087,51.7
0.613881,51.71
0.793744,51.72
0.609971,51.73
0.430108,51.74
0.496579,51.75
0.461388,51.76
0.336266,51.77
0.328446,51.78
0.332356,51.79
0.301075,51.8
0.281525,51.81
0.289345,51.82
0.285435,51.83
0.273705,51.84
0.277615,51.85
0.281525,51.86
0.277615,51.87
0.269795,51.88
0.277615,51.89
0.281525,51.9
0.273705,51.91
0.277615,51.92
0.285435,51.93
0.281525,51.94
0.277615,51.95
0.293255,51.96
0.304985,51.97
0.285435,51.98
0.308895,51.99
0.351906,52
0.344086,52.01
0.336266,52.02
0.453568,52.03
0.512219,52.04
0.402737,52.05
0.492669,52.06
0.613881,52.07
0.496579,52.08
0.422287,52.09
0.543499,52.1
0.543499,52.11
0.387097,52.12
0.430108,52.13
0.484849,52.14
0.387097,52.15
0.340176,52.16
0.371457,52.17
0.344086,52.18
0.289345,52.19
0.289345,52.2
0.289345,52.21
0.277615,52.22
0.273705,52.23
0.277615,52.24
0.277615,52.25
0.269795,52.26
0.273705,52.27
0.277615,52.28
0.273705,52.29
0.269795,52.3
0.277615,52.31
0.277615,52.32
0.269795,52.33
0.273705,52.34
0.281525,52.35
0.273705,52.36
0.273705,52.37
0.277615,52.38
0.277615,52.39
0.269795,52.4
0.273705,52.41
0.277615,52.42
0.273705,52.43
0.273705,52.44
0.281525,52.45
0.285435,52.46
0.273705,52.47
0.289345,52.48
0.293255,52.49
0.277615,52.5
0.277615,52.51
0.281525,52.52
0.277615,52.53
0.269795,52.54
0.273705,52.55
0.277615,52.56
0.273705,52.57
0.269795,52.58
0.277615,52.59
0.277615,52.6
0.269795,52.61
0.273705,52.62
0.277615,52.63
0.269795,52.64
0.273705,52.65
0.277615,52.66
0.273705,52.67
0.269795,52.68
0.273705,52.69
0.277615,52.7
0.273705,52.71
0.273705,52.72
0.277615,52.73
0.281525,52.74
0.273705,52.75
0.304985,52.76
0.347996,52.77
0.324536,52.78
0.355816,52.79
0.441838,52.8
0.437928,52.81
0.383187,52.82
0.527859,52.83
0.617791,52.84
0.445748,52.85
0.453568,52.86
0.543499,52.87
0.457478,52.88
0.340176,52.89
0.340176,52.9
0.312805,52.91
0.281525,52.92
0.277615,52.93
0.285435,52.94
0.277615,52.95
0.269795,52.96
0.277615,52.97
0.277615,52.98
0.269795,52.99
0.273705,53
0.277615,53.01
0.273705,53.02
0.269795,53.03
0.273705,53.04
0.277615,53.05
0.394917,53.06
0.273705,53.07
0.293255,53.08
0.484849,53.09
0.273705,53.1
0.301075,53.11
0.629521,53.12
0.273705,53.13
0.316716,53.14
0.613881,53.15
0.281525,53.16
0.336266,53.17
0.469208,53.18
0.289345,53.19
0.359726,53.2
0.273705,53.21
0.293255,53.22
0.609971,53.23
0.273705,53.24
0.301075,53.25
0.531769,53.26
0.273705,53.27
0.273705,53.28
0.277615,53.29
0.273705,53.3
0.269795,53.31
0.277615,53.32
0.277615,53.33
0.265885,53.34
0.273705,53.35
0.277615,53.36
0.269795,53.37
0.269795,53.38
0.277615,53.39
0.273705,53.4
0.269795,53.41
0.273705,53.42
0.273705,53.43
0.273705,53.44
0.269795,53.45
0.273705,53.46
0.273705,53.47
0.265885,53.48
0.273705,53.49
0.277615,53.5
0.269795,53.51
0.269795,53.52
0.273705,53.53
0.273705,53.54
0.269795,53.55
0.273705,53.56
0.273705,53.57
0.269795,53.58
0.269795,53.59
0.273705,53.6
0.273705,53.61
0.265885,53.62
0.273705,53.63
0.277615,53.64
0.269795,53.65
0.269795,53.66
0.277615,53.67
0.273705,53.68
0.269795,53.69
0.273705,53.7
0.277615,53.71
0.269795,53.72
0.269795,53.73
0.273705,53.74
0.273705,53.75
0.265885,53.76
0.273705,53.77
0.277615,53.78
0.269795,53.79
0.269795,53.8
0.277615,53.81
0.273705,53.82
0.269795,53.83
0.273705,53.84
0.277615,53.85
0.269795,53.86
0.269795,53.87
0.273705,53.88
0.273705,53.89
0.265885,53.9
0.273705,53.91
0.277615,53.92
0.265885,53.93
0.269795,53.94
0.273705,53.95
0.273705,53.96
0.265885,53.97
0.273705,53.98
0.277615,53.99
0.269795,54
0.269795,54.01
0.273705,54.02
0.273705,54.03
0.265885,54.04
0.273705,54.05
0.277615,54.06
0.265885,54.07
0.269795,54.08
0.277615,54.09
0.273705,54.1
0.269795,54.11
0.273705,54.12
0.273705,54.13
0.269795,54.14
0.269795,54.15
0.273705,54.16
0.273705,54.17
0.265885,54.18
0.273705,54.19
0.277615,54.2
0.265885,54.21
0.269795,54.22
0.277615,54.23
0.273705,54.24
0.269795,54.25
0.273705,54.26
0.277615,54.27
0.269795,54.28
0.269795,54.29
0.273705,54.3
0.273705,54.31
0.265885,54.32
0.273705,54.33
0.277615,54.34
0.265885,54.35
0.273705,54.36
0.277615,54.37
0.273705,54.38
0.269795,54.39
0.273705,54.4
0.273705,54.41
0.269795,54.42
0.269795,54.43
0.277615,54.44
0.273705,54.45
0.269795,54.46
0.273705,54.47
0.277615,54.48
0.265885,54.49
0.273705,54.5
0.277615,54.51
0.273705,54.52
0.269795,54.53
0.273705,54.54
0.273705,54.55
0.269795,54.56
0.273705,54.57
0.277615,54.58
0.273705,54.59
0.269795,54.6
0.273705,54.61
0.277615,54.62
0.269795,54.63
0.269795,54.64
0.277615,54.65
0.273705,54.66
0.269795,54.67
0.273705,54.68
0.273705,54.69
0.269795,54.7
0.273705,54.71
0.277615,54.72
0.273705,54.73
0.269795,54.74
0.273705,54.75
0.277615,54.76
0.265885,54.77
0.281525,54.78
0.543499,54.79
0.602151,54.8
0.58651,54.81
0.860215,54.82
0.844575,54.83
0.543499,54.84
0.723363,54.85
0.914956,54.86
0.656891,54.87
0.59433,54.88
0.864125,54.89
0.840665,54.9
0.543499,54.91
0.739003,54.92
0.907136,54.93
0.652981,54.94
0.59824,54.95
0.864125,54.96
0.840665,54.97
0.539589,54.98
0.735093,54.99
0.918866,55
0.649071,55.01
0.59824,55.02
0.871945,55.03
0.832845,55.04
0.543499,55.05
0.742913,55.06
0.907136,55.07
0.641251,55.08
0.609971,55.09
0.879765,55.1
0.832845,55.11
0.543499,55.12
0.754643,55.13
0.914956,55.14
0.633431,55.15
0.606061,55.16
0.891496,55.17
0.813294,55.18
0.543499,55.19
0.766373,55.2
0.911046,55.21
0.629521,55.22
0.625611,55.23
0.891496,55.24
0.817204,55.25
0.54741,55.26
0.766373,55.27
0.903226,55.28
0.613881,55.29
0.625611,55.3
0.899316,55.31
0.801564,55.32
0.54741,55.33
0.782014,55.34
0.907136,55.35
0.609971,55.36
0.637341,55.37
0.895406,55.38
0.797654,55.39
0.54741,55.4
0.774194,55.41
0.907136,55.42
0.59824,55.43
0.637341,55.44
0.895406,55.45
0.782014,55.46
0.55132,55.47
0.789834,55.48
0.899316,55.49
0.59824,55.5
0.652981,55.51
0.895406,55.52
0.785924,55.53
0.55132,55.54
0.793744,55.55
0.903226,55.56
0.58651,55.57
0.645161,55.58
0.911046,55.59
0.770283,55.6
0.55132,55.61
0.809384,55.62
0.895406,55.63
0.58651,55.64
0.664712,55.65
0.907136,55.66
0.766373,55.67
0.55914,55.68
0.801564,55.69
0.899316,55.7
0.57869,55.71
0.656891,55.72
0.907136,55.73
0.754643,55.74
0.55914,55.75
0.817204,55.76
0.895406,55.77
0.57869,55.78
0.672532,55.79
0.903226,55.8
0.758553,55.81
0.55914,55.82
0.817204,55.83
0.899316,55.84
0.57478,55.85
0.664712,55.86
0.918866,55.87
0.739003,55.88
0.55914,55.89
0.825024,55.9
0.875855,55.91
0.57087,55.92
0.684262,55.93
0.918866,55.94
0.742913,55.95
0.56305,55.96
0.828934,55.97
0.891496,55.98
0.56305,55.99
0.676442,56
0.911046,56.01
0.735093,56.02
0.56696,56.03
0.840665,56.04
0.868035,56.05
0.56305,56.06
0.692082,56.07
0.911046,56.08
0.731183,56.09
0.57087,56.1
0.836755,56.11
0.879765,56.12
0.55914,56.13
0.684262,56.14
0.918866,56.15
0.715542,56.16
0.57478,56.17
0.844575,56.18
0.864125,56.19
0.55914,56.2
0.703812,56.21
0.914956,56.22
0.711632,56.23
0.57478,56.24
0.832845,56.25
0.864125,56.26
0.55523,56.27
0.703812,56.28
0.918866,56.29
0.699902,56.3
0.5826,56.31
0.856305,56.32
0.852395,56.33
0.55523,56.34
0.723363,56.35
0.918866,56.36
0.695992,56.37
0.58651,56.38
0.860215,56.39
0.860215,56.4
0.55132,56.41
0.711632,56.42
0.926686,56.43
0.684262,56.44
0.58651,56.45
0.860215,56.46
0.848485,56.47
0.55132,56.48
0.735093,56.49
0.922776,56.5
0.676442,56.51
0.59824,56.52
0.868035,56.53
0.848485,56.54
0.54741,56.55
0.727273,56.56
0.922776,56.57
0.660802,56.58
0.59824,56.59
0.868035,56.6
0.840665,56.61
0.54741,56.62
0.742913,56.63
0.914956,56.64
0.660802,56.65
0.602151,56.66
0.879765,56.67
0.840665,56.68
0.54741,56.69
0.739003,56.7
0.926686,56.71
0.652981,56.72
0.602151,56.73
0.883675,56.74
0.828934,56.75
0.54741,56.76
0.758553,56.77
0.918866,56.78
0.645161,56.79
0.613881,56.8
0.879765,56.81
0.828934,56.82
0.54741,56.83
0.754643,56.84
0.922776,56.85
0.633431,56.86
0.617791,56.87
0.891496,56.88
0.821114,56.89
0.54741,56.9
0.774194,56.91
0.911046,56.92
0.625611,56.93
0.633431,56.94
0.891496,56.95
0.813294,56.96
0.55132,56.97
0.770283,56.98
0.918866,56.99
0.609971,57
0.629521,57.01
0.903226,57.02
0.793744,57.03
0.54741,57.04
0.785924,57.05
0.907136,57.06
0.606061,57.07
0.645161,57.08
0.899316,57.09
0.797654,57.1
0.55132,57.11
0.793744,57.12
0.914956,57.13
0.59824,57.14
0.641251,57.15
0.903226,57.16
0.782014,57.17
0.55132,57.18
0.801564,57.19
0.899316,57.2
0.59433,57.21
0.652981,57.22
0.907136,57.23
0.782014,57.24
0.55523,57.25
0.801564,57.26
0.899316,57.27
0.59042,57.28
0.652981,57.29
0.914956,57.3
0.770283,57.31
0.55914,57.32
0.805474,57.33
0.899316,57.34
0.58651,57.35
0.664712,57.36
0.903226,57.37
0.770283,57.38
0.55914,57.39
0.805474,57.4
0.903226,57.41
0.5826,57.42
0.656891,57.43
0.914956,57.44
0.762463,57.45
0.55914,57.46
0.817204,57.47
0.895406,57.48
